title,subheader,url,h1,h2,h3,keywords
France's Court Overturns Government Ban On Sale Of ...,"5 Jan 2023—However, the government approved in December 2021 the sale of products containingCBDwith a THC content of less than 0.3% but simultaneously ...",https://www.forbes.com/sites/dariosabaghi/2023/01/05/frances-court-overturns-government-ban-on-sale-of-cbd-flowers/,France's Court Overturns Government Ban On Sale Of CBD Flowers,,"More From Forbes, Best Travel Insurance Companies, Best Covid-19 Travel Insurance Plans","France,CBD,Council of State,French,Europe,cannabis,hemp,CBD flowers,CBD ban,cannabis in France"
Is CBD legal in France,"Short and simple answer is, as of today,CBDis legal inFrance, as long as the shape it comes from has less than 0,3% THC. SinceCBDisn't a drug, it has no ...",https://bleucandide.com/en/cbd/is-cbd-legal-in-france/,Is CBD legal in France ?,"Content overview, CBD legislation in France 2022, What you need to know about French CBD, TLRD ; CBD is legal in France, plus d’articles>>","The most recent law in France from December 30th 2021, French State Council suspended the decree in 2022, CBD in France and EU law, Why should you try French CBD ?, Where can you buy CBD in France ?, The basics to stay out of trouble with French laws, French CBD : what to look for and how good is it ?, Benefits, adverse effects and risks of CBD : what we know in 2022, CBD flower shops in France : What you need to know",
French court overturns government ban on sale of CBD ...,"30 Dec 2022—France'sCouncil of State has definitively lifted the ban on the sale of hemp flower and leaf loaded with cannabidiol (CBD), ...",https://www.rfi.fr/en/france/20221230-french-court-overturns-government-ban-on-sale-of-cbd-flowers,French court overturns government ban on sale of CBD flowers,"Rapid testing, Multimillion euro industry",,"France,Cannabis,Law,French politics,Drugs,Health"
Cannabidiol use and perceptions in France: a national survey,"by C Casanova·2022·Cited by 1—InFrance,CBDas a prescription drug (Epidyolex) is only available for 'compassionate use'.CBDas a food supplement, such as THC-deprived ...",https://bmcpublichealth.biomedcentral.com/articles/10.1186/s12889-022-14057-0,Cannabidiol use and perceptions in France: a national survey,"Abstract, Introduction, Methods, Results, Discussion, Availability of data and materials, Abbreviations, References, Acknowledgements, Funding, Author information, Ethics declarations, Additional information, Supplementary Information, Rights and permissions, About this article","Background, Methods, Results, Conclusion, Design, Study sample, Data collection, Inclusion and exclusion criteria, Outcomes, Explanatory variables, Statistical analyses, Study population characteristics, Factors associated with having heard of CBD, Factors associated with CBD use, CBD user profiles, Factors associated with CBD perceived harmfulness, Authors and Affiliations, Contributions, Corresponding author, Ethics approval and consent to participate, Consent for publication, Competing interests, Publisher’s Note, Additional file 1: Supplementary Table 1., Additional file 2: Supplementary Table 2., Additional file 3: Supplementary Figure 1., Cite this article, Share this article, Keywords, Follow BMC",
Is CBD legal in France?,"In short,CBDleaves and flowers are legal inFranceuntil further notice. In 2020, in the midst of a pandemic, the regional press had relayed the closures of ...",https://www.321cbd.com/en/blog/78-is-cbd-legal-in-france,Is CBD legal in France?,"Is CBD a drug?, The CBD situation in Europe, Where does CBD come from?, , The situation of CBD in France, Who can sell CBD in France?, Who can consume CBD in France?, CBD legality in France: caution is still required, The different regulations on the consumption of CBD in France, In France, is CBD legal for children?, Is the CBD industry hurting?, Is CBD a danger for consumers?, To conclude…","The “Kanavape” affair, or the birth of the CBD market, CBD flowers and leaves: the scare of December 30, 2021, CBD Nina Limone 9.3%, CBD Truth 15.4%, CBD Tangie 13.1%, CBD Orange Turbo 11,5%, Is CBD Addictive?, What are the differences between CBD and THC?, How long does it take your body to eliminate CBD?",
Expert guide: Purchasing CBD oil in France,"16 Jan 2023—Hemp MeFrancefor all yourCBDsupplement product needs. This brand is Europe's leading supplier of organic, qualityCBDoils and products for ...",https://www.healtheuropa.com/expert-guide-purchasing-cbd-oil-in-france/120515/,Expert guide: Purchasing CBD oil in France,"In this expert guide, you will learn everything to know about purchasing CBD oil in France, including where to purchase CBD, how to use it and the French regulations., Benefits of online shopping versus in-store","Finding reputable CBD oil in France, Knowing the different types of products available, Best uses for CBD food supplements, French regulations for hemp supplements, Shannon O'Sullivan, Everything you need to know about CBD oil in Latvia, An in-depth guide to buying CBD oil in the Czech Republic, Is Lion’s Mane becoming more popular than CBD oil?, Buying CBD oil in Germany: All you need to know, A guide to buying CBD oil in Slovakia, CBD Oil in Lithuania: A beginner’s guide, LEAVE A REPLYCancel reply, Pure5’s cannabis extraction technology leads the way, Emyria technology: patient-centred research for novel treatments, PURE5: Equipment for the processing of botanicals, How head-mounted wearables are transforming the face of healthcare, Innovation in drug delivery, Point-of-care testing for infectious diseases in emergency settings, Meeting of minds: Advancing research into neurological disease diagnosis and treatment, The wonders of holistic wellbeing, Health Europa Quarterly Issue 24, Health Europa Quarterly Issue 23, Pin It on Pinterest",
France: Cannabidiol (CBD): Annulment of the order ...,"12 Jan 2023—Legal context inFrance. In 2021, the government had authorised the sale ofCBDwith a THC content of less than or equal to 0.3%, ...",https://www.twobirds.com/en/insights/2023/france/annulment-of-the-order-prohibiting-the-sale-of-cannabis-flowers-and-leaves,France - Cannabidiol (CBD): Annulment of the order prohibiting the sale of cannabis flowers and leaves,"Published, Written By, Latest insights, Related capabilities","Legal context in France, The ban of CBD leaves and flowers challenged CBD stakeholders, The ban on the sale of CBD leaves and flowers considered ""disproportionate"" by the Council of State",
French court definitively allows sale of CBD flowers and ...,"30 Dec 2022—CBDflowers are again legal to sell inFranceafter le Conseil d'Etat (the highest administrative court) lifted the previous ban, ...",https://www.connexionfrance.com/article/French-news/French-court-definitively-allows-sale-of-CBD-flowers-and-products,French court definitively allows sale of CBD flowers and products,The new Conseil d’Etat decision overturns a previous government ban and has been welcomed by the industry,"‘An entire industry has been saved’, Related articles",
CBD and THC products in France,"20 Apr 2022—DriedCBDhas been very popular inFranceso far, as approx. 70% of hemp consumers have opted for dried hemp. Under a government decree, the ...",https://hempking.eu/en/cbd-and-thc-products-in-france/,CBD and THC products in France,"Is CBD legal in France?, Outlawing dried hemp in France in 2022, Medical marijuana in France, See also:","Leave a ReplyCancel reply, Categories, Company data, Information, Customer service, Popular categories, Find us, If you have questionsget in touch with us!",
Home - CBD Expo,J-10CBDEXPO LYON ! C'est le nombre de jours. hempembassy // Stand A3A Nos voisins italiens de Hemp Embassy sont. high.society.france...,https://www.cbd-expo-france.com/en/,"CBD EXPO - PARIS EVENT CENTER (HALL A), CENTRE","CBD EXPO, 2023, DE CONGRES DE LYON, Meet our exhibitors, Our partners, Les dernières actus, Follow us on Instagram","Save the date, 22 - 23 OCT. 2022",
CBD Shop France - cannabis CBD légal en France - livraison ...,"Acheter duCBDenFrancedans +100 boutiques depuis 2013 : fleurs, huile deCBD... Commandez maintenant en ligne ! Livraison en 48h.",https://cbdshopfrance.fr/,CBD Shop France – Livraison CBD cannabis légal en France,"Bienvenue chez CBD Shop France, Nos top catégories, Livraison CBD shop France, Une histoire de passionnés du CBD, Votre partenaire CBD en boutique, et sur internet, DES PRODUITS GARANTIS 100% FULL SPECTRUM, CBD Shop France","FLEURS CBD, HUILES CBD, INFUSIONS CBD, RÉSINES CBD, PACK CBD, E-LIQUIDE & VAPE, PRODUITS ALIMENTAIRES, NOUVEAUTÉS, Spécialistes du CBD depuis 2013, 100%légal, 100% qualité, Satisfaction garantie, , LES AVIS DE NOS CLIENTS, CBD Shop France, c'est aussi la livraison de CBD EN FRANCE, Qu'est-ce que le CBD ?, Quels effets sur la santé ?, Quelle dose de CBD devrais-je prendre ?, Y a-t-il des effets secondaires du CBD ?, INSTAGRAM, cbdshopfranceofficiel, ENVIE D'AVOIR DE NOS NEWS ?",
Is CBD Oil legal in France?,"Although recreational Cannabis is illegal to buy and posses inFrance,CBDoil is legal and readily available, as long as the vendor refrains from making ...",https://www.eirhealth.com/uk/is-cbd-legal-in-france,Is CBD Oil legal in France?,Status:Legal,"CBD Library, CBD 101 - what is CBD, The Benefits of Full Spectrum CBD Oil, The Entourage Effect, CBD for stress, 6 proven benefits of taking CBD for athletes, CBD for dogs & cats, Cannabinoids & Kids, Where To?, CBD Library, CBD 101 - what is CBD, The Benefits of Full Spectrum CBD Oil, The Entourage Effect, CBD for stress, 6 proven benefits of taking CBD for athletes, CBD for dogs & cats, Cannabinoids & Kids, CBD’s Legal Status in France, Conclusion, CBD OILS (Les huiles CBD) YOU CAN LEGALLY ORDER ONLINE IN FRANCE:, SAVE 10% AND GET FREE DELIVERY TO EVERY PLACE IN FRANCE WITH CODE: LEGAL, Follow us on, Contact us","cbd legal, cbd oil, france, cbd in france, cannabis, cbd-friendly, grow cbd, grow cbd in ireland, buy cbd, buy cbd in france, Huile de CBD, "
Are CBD and cannabinoids legal in France?,"Well, the answer to this question is: Yes and no. If we refer to theFrenchregulations onCBD, we can conclude that they are legally marketed inFrance, ...",https://www.natureaz.com/en/le-cbd-et-les-cannabinoids-sont-ils-legaux-en-france/,Are CBD and cannabinoids legal in France?,"Drug control laws, So is CBD legal in France?, CBD and THC, what are the effects on health?, The cannabinoid class, Nature AZ, Advice, Deliveries, Payments, Professional area, Legal information","1 thought on ""Are CBD and cannabinoids legal in France?"", Leave a commentCancel reply",
Highest French Administrative Court Lifts the Ban on CBD ...,"9 Jan 2023—In Kanavape, the Court of Justice of the European Union encouragedFranceto review its very strictCBDregulations, more specifically its ...",https://www.triagehealthlawblog.com/cannabis-hemp/highest-french-administrative-court-lifts-the-ban-on-cbd-flowers-and-leaves/,"TriageHealthLaw, Highest French Administrative Court Lifts the Ban on CBD Flowers and Leaves, Triage Health Law",,"Menu, Stay Connected, Subscribe By Email, Topics, Archives, TWITTER UPDATES, Recent Updates, SQUIRE PATTON BOGGS BLOGS, About the Squire Patton Boggs Healthcare Blog",
France sets temporary rules to keep $300 million market ...,21 Mar 2023—Frenchauthorities have approved temporary guidelines which allowCBDproducts to be declared as food supplements and remain on the market ...,https://hemptoday.net/france-sets-temporary-rules-to-keep-300-million-market-for-cbd-open/,France sets temporary rules to keep $300 million market for CBD open,"The EFSA standard, EU process is slow, Second major EU market, From our archive","Like HempToday? How you can support us, Get Hemp Industry Updates, Vaping death in Belgium underscores need for rules, EIHA says, South Dakota opens first hemp lab, Menu, Connect with us, Newsletter Signup",
"CBD.Fr: Achat CBD, Site CBD En Ligne","LIVRAISON GRATUITE, RAPIDE et sécurisée enFrance. Vous souhaitez acheter ducbden ligne ? Découvrez nos fleurs decbd, nos huiles decbd, nos e-liquides ...",https://www.cbd.fr/,Bienvenue sur votre site français de produits à base de chanvre et de CBD,"PROMO pâquessurtouteslesrésines, PROMOTIONS CBD, fleurs de CBD, huiles de cbd, résines de cbd, PRODUITS CBD POUR ANIMAUX, Gélules de cbd, Nouveautés cbd, TROUVER LE BON DOSAGE DE CBD, chaque semaine,, du cbd dans votre boîte mail, REcevez un code promo de 15% suite à votre inscription, Cbd.fr, Leader du cannabislégal en france, Les services proposés par votre boutique en ligne CBD.fr :, Cbd, Cannabidiol, Chanvre, Qu'est ce que le CBD ?, Pourquoi cet e-shop CBD est le meilleur ?, PARRAINAGE & RÉCOMPENSES, concentrés CBD, sensuel cbd, e-liquides cbd, cbd alimentaire, Infos pratiques, navigation, boutiques cbd.fr, NOUS CONTACTER, Newsletter","Huile CBD Broad Spectrum - Harvest Laboratoires, Huile CBD Full Spectrum - Harvest Laboratoires, Marocain 24% - Résine de CBD - CBD.fr, Pack CBD - Hash Lover, Gélules CBD - Chute de cheveux avec Spiruline - Harvest Laboratoires, Gélules CBD - Matin Vitaminé avec Vitamines ADK - Harvest Laboratoires, Iceolator 40% - Résine de CBD - Ivory, Le Jaune - Résine de CBD - Easy Weed, Le Gras 20% - Résine de CBD - Easy Weed, Le Charas 20% - Résine de CBD - Easy Weed, L'Afghan 26% - Résine de CBD - Easy Weed, Le Bubble 18% - Résine de CBD - Easy Weed, Le Filtré 22% - Résine de CBD - Easy Weed, Mousseux HHC - Résine de HHC - Easy Weed, Bitcoin HHC - Résine de HHC - Ivory, Caramelo - Résine de CBD - Ivory, Laughing Buddha CBG - Fleur de CBG - CBD.fr, Purple Haze Premium - Fleur de CBD - CBD.fr, Royal Cheese - Fleur de CBD - Easy Weed, Lemon Amnesia - Fleur de CBD - Easy Weed, Sour Skunk - Fleur de CBD - Easy Weed, Strawberry - Fleur de CBD - Easy Weed, Harlequin 2.0 - Fleur de CBD - Easy Weed, Strawberry Greenhouse - Fleur de CBD - CBD.fr, Huile CBD Broad Spectrum - Easy Weed, Huile CBD Full Spectrum - Harvest Laboratoires, Huile CBD Broad Spectrum - Harvest Laboratoires, Huile CBD Broad Spectrum - Chanvroo420, Huile CBD Full Spectrum - Chanvroo420, Huile CBD Full Spectrum - Ivory, Huile CBD Mandarine Full Spectrum - CBD.fr, Huile spéciale covid CBDa/CBGa Pro-Cov Full Spectrum - Harvest Laboratoires, Huile de CBD Immunité avec Echinacea - Broad Spectrum - Harvest Laboratoires, Huile de CBD Menthe Broad Spectrum - Harvest Laboratoires, Marocain 24% - Résine de CBD - CBD.fr, Le Jaune - Résine de CBD - CBD.fr, La crème Royale 23% - Résine de CBD - CBD.fr, Afghan 35% - Résine de CBD - CBD.fr, Morocco Filter - Résine de CBD - Ivory, Triple 0 - Résine de CBD - Ivory, O.G Kush - Résine de CBD - Ivory, Purple Hash - Résine de CBD - Ivory, Gélules CBD - Chute de cheveux avec Spiruline - Harvest Laboratoires, Gélules CBD - Matin Vitaminé avec Vitamines ADK - Harvest Laboratoires, Gélules CBD/CBN - Sommeil avec Mélatonine - Harvest Laboratoires, Gélules CBD - Digestion avec Omega 6 et 9 - Harvest Laboratoires, Gélules CBD - Migraine - Harvest Laboratoires, Gélules CBD - Ménopause - Harvest Laboratoires, Gélules CBD - Articulation - Harvest Laboratoires, Gélules CBD - Confort Musculaire - Harvest Laboratoires, Gélules CBD - CBD.fr, Gélules CBD - Antistress avec Curcuma et Mélisse - Harvest Laboratoires, Joints pré-roulés CBD - Ivory, Grinder - Easy Weed, Grinder - Ivory, Bonbon CBD Miel sans sucre - Buddies, Bonbon CBD Menthe sans sucre - Buddies, Dentifrice au CBD Sensi Teeth Menthe Fraîche, Iceolator 40% - Résine de CBD - Ivory, Pack Flower Lover, Bonbon CBD pêche - Buddies, Bonbon CBD myrtille - Buddies",
France overturns ban on CBD flower – what you need to ...,6 Jan 2023—Regulators inFrancehave reversed a ban on the sale and ... TheFrenchCouncil of State ruled that sale ofCBDin leaf and flower form does ...,https://cannabishealthnews.co.uk/2023/01/06/france-overturns-ban-cbd-flower-what-you-need-to-know-cbd22/,France overturns ban on sale of CBD flower – what you need to know,Cannabis Health News,"Industry, Regulators in France have reversed a ban on the sale and consumption of CBD flower. We’ve summarised everything you need to know., Leave a ReplyCancel reply",
The Greenstore: CBD | Boutique de CBD en ligne,"La réponse est oui, leCBDest parfaitement légal enFrance. C'est officiel depuis l'annonce du Conseil d'État le 29 décembre 2022. Avant l'annonce officielle ...",https://thegreenstore.fr/,CBD The Greenstore : boutique de CBD en France,"Le meilleur du CBD, Nos huiles The Greenstore, Sélection de The Greenstore, Huile essentielle, Vous allez aimer nosfleurs CBD, Elles ont du succès noshuiles CBD, Découvrez nosGélules CBD, Huile de CBD, Fleur de CBD, Infusion au CBD, Gélule au CBD, Bonbon au CBD, Crème au CBD, E-liquide au CBD, Le CBD pour les animaux, Notre entreprise s’engage auprés de Reforest’action pour participer à la reforestation., Découvreznos actualités, Les questionsfréquentes","The GreenstoreTutti Frutti Small Bud - Fleurs CBD, The GreenstoreOrange Small Bud CBD - Fleurs CBD, The GreenstoreTutti Frutti Cannabis CBD - Fleurs CBD, The GreenstoreObi-wan Small Bud - Fleurs CBD, The GreenstoreLondon Cake Premium - Fleurs CBD, The GreenstoreCheese Small Bud CBD - Fleurs CBD, GreeneoHuile CBD Full Spectrum Alliance 40% - Greeneo, GreeneoHuile CBD Full spectrum Alliance 30% – Greeneo, The GreenstoreHuile CBD Full Spectrum 40% - The Greenstore, The GreenstoreHuile CBD Full Spectrum 20% - The Greenstore, The GreenstoreHuile CBD Full Spectrum 30% - The Greenstore, GreeneoHuile CBD Full Spectrum Alliance 20% - Greeneo, GramsGélules CBD x30 - Grams, CibdolGélules Anxiety Support - Cibdol, Hexa3Capsules CBD Mobilité - Hexa3, HemplusCapsules CBD Night Dream - Hemp+, Hexa3Capsules CBD Sommeil - Hexa3, HemplusCapsules CBD Naturel - Hemp+, 2100 arbre(s)planté(s) en forêt par The Greenstore, Pourquoi acheter du CBD sur TheGreenstore.fr ?, Qu’est-ce que le CBD (cannabidiol) ?, Les différents bienfaits du CBD, Est-ce que le CBD est légal en France ?, Les différences entre le CBD et le THC, Le CBD est-il une drogue et peut-on devenir dépendant ?, Peut-on conduire après avoir consommé du CBD ?, Le CBD est-il dangereux pour la santé ?","cbd,fleurs,fleur cbd,cannabis légal,The Greenstore,Greenstore,The Green Store,chanvre légal,huiles cbd,huile cbd,cannabis cbd,prix plus bas cbd,meilleur cbd,livraison cbd belgique,livraison cbd france,achat cbd,cbd pas cher,cbd france,cbd légal en france"
French court overturns ruling saying sale of cannabidiol is ...,"23 Jun 2021—France'shighest appeals court on Wednesday overturned a ruling that stores in the country can't legally sell cannabidiol (CBD), ...",https://www.reuters.com/world/europe/french-court-overturns-ruling-saying-sale-cannabidiol-is-illegal-2021-06-23/,French court overturns ruling saying sale of cannabidiol is illegal,"Read Next, World, Site Index, Information you can trust, Follow Us, Thomson Reuters Products, Refinitiv Products","Browse, About Reuters, Stay Informed","MTVID,AGPRO,AGRI,BACT,BGLR,CANNAB,CLJ,COM,DIP,EU,FDRT,GEN,GENHLT,HEA,INTAG,JUDIC,LAW,MEDLAW,MEDST,NCYC,POL,RCANNB,RDRU,REGS,SHOPAL,TRD,WEU,EUROP,EZC,FR,LEGAL,REUTERS-LEGAL,M:FC"
Country Profiles,http://www.diplomatie.gouv.fr/en/france-priorities_1/environment- ... are posted on the respective country webpage on theCBDwebsite and on theCBDCHM.,https://www.cbd.int/countries/?country=fr,Country Profiles,"Main References, National Contacts","National Biodiversity Strategy and Action Plan (v.2), Sixth National Report, National Websites, Convention on Biological Diversity, Cartagena Protocol on Biosafety, Nagoya Protocol  on Access and Benefit-sharing",
CBD oil 5% based on hemp cannabidiol,"AtCBDINNOV, each of our products is made from non-GMO, organic hemp grown in Switzerland – simple, pure and effective. This hemp oil is composed of ...",https://www.bistrotcbd.com/en/reception/37-vial-of-10-ml-of-full-spectrum-cbd-oil-5500mg-of-cannabidiol.html,Vial of 10 ML of 5% FULL SPECTRUM CBD oil | 500Mg Cannabidiol,"Description, In the same category",,
Gummies CBD French high end organic | NŌTO CBD,"made infrance cbd. Made inFrance. Natural Flavors. No Sugar Added. NotoCBDlogo. productcbdgummies. 29,00€. Taxes incluses. (24.65 avec code WELCOME15).",https://www.notocbd.com/en/cbd-gummies/,GUMMIES CBD,"CBD Tastes Good, THE ACTIVE INGREDIENT, Advice of Use, 2 to 3 Gummies per Day, FAQ: ALL ABOUT OUR GUMMIES CBD, MANUFACTURING, CONSEILS D'UTILISATION, CONSERVATION","How do you ensure the quality and safety of your gummies?, Are CBD gummies vegan?, Do gummies contain sugar?, Do CBD gummies contain artificial flavours?, What are the effects produced by CBD gummies?, Who are your CBD gummies for?, At what point should one take CBD gummies? Can you combine multiple NŌTO products in the same day?, What happens if one forget to take the product for a day?, In case of medical treatment, can we continue to consume CBD gummies?, How long do gummies keep?, How to keep them?",
Legislative turmoil curbs the growth of the French CBD ...,"23 Dec 2022—On January 24, 2022 theFrenchState Council provisionally overruled the December 2021 ministerial order banning the sale of rawCBDhemp ...",https://www.fas.usda.gov/data/france-legislative-turmoil-curbs-growth-french-cbd-market,France: Legislative turmoil curbs the growth of the French CBD market,"Breadcrumb, Related Reports","Contact:, Link to report:, Database Source:, Global Agricultural Information Network (GAIN), Egypt: Grain and Feed Annual, Colombia: Food Processing Ingredients, Honduras: Food Processing Ingredients",
L'huile CBD - Edible oil with hemp,"L'huileCBD, an edibleCBDoil, is a blend of Cannabidiol (CBD) and organic hemp oil grown and cold pressed inFrance. By choosing hemp as the main ...",https://www.sowelab.com/en/collections/huile-cbd,L'huile CBD - Edible oil with hemp and CBD,"L'huile CBD mild 5% (500mg) - 10ml - Broad spectrum, L'huile CBD medium 10% (1 000mg) - 10ml - Broad spectrum, L'huile CBD medium 15% (1 500mg) - 10ml - Broad spectrum, L'huile CBD strong 20% (2 000mg) - 10ml - Broad spectrum, L'huile CBD extra-strong 30% (3 000mg) - 10ml - Broad spectrum, Our products, Useful Information, Newsletter",Description,
CBD pouches FRANCE,Item 1 - 9 of 9—Frenchsite of online sales ofCBDpouches. Without nicotine and without THC. Shipped in 24h.,https://nicopouches.fr/gb/105-cbd-pouches,CBD Pouches,"Flavors, Humidity, Format, Nicotine Strength, Filter By, Active filters","&CHILL Citrus CBD 300 mg, &CHILL Mint CBD 300 mg, &CHILL Natura CBD 300 mg, &CHILL Berry CBD 300 mg, Natural Mint CBD 150 mg, American Spice CBD 150 mg, Frost Strong 9 mg & CBD 200 mg (MDD), Polar Bliss CBD 200 mg, Tangy Citrus CBD 150 mg, Secure payment, Fast delivery, Customer Service, Competitive pricing","CBD pouches, thc free, nicotine free, without thc, without nicotine, cbd"
Vente CBD en ligne | High Society,"Achetez les meilleurs produitsCBDlégaux enFrance: huiles deCBD, infusions, e-liquides, fleurs, résines et pollens deCBD.",https://www.highsociety.fr/fr/,,"Nouveau - Vape pen rechargeables, Critical Jack, Nouvelles variétés - RAF, Nos Fleurs CBD, Nos Résines & Pollens CBD, Découvrez nos huiles CBD, Mieux dormir, Se détendre, Réparer, Ils parlent de nous, Notre blog autour du CBD, Actualités, HighSociety c'est 200 magasins à travers l'Europe, Espagne, France, Allemagne, High Society s'engage pour la planète avec TreeNation","Une question ?, Paiement sécurisé, Livraison en 48 à 72h, Une question ?, Fidélité, OG Kush CBD - Fleurs CBD, Trim CBD - Fleurs CBD, Moonrock CBD - Fleurs CBD, Mélange de plantes n°1, Moonrock's Babies - Fleurs CBD, Diesel CBD - Fleurs CBD, Mélange Fleurs de CBD n°2, Lemonade CBD - Fleurs CBD, Critical Haze CBD - Fleurs CBD, SUPER LEMON HAZE - Édition Limitée, Huile CBD pour Animaux - 5%, Huile CBN - 2% (Full Spectrum), Huile CBD - Elixir 5% - Full Spectrum, Huile CBD - Elixir 10% (Full Spectrum), Huile CBD - Elixir 15% (Full Spectrum), Huile CBD - Elixir 20% (Full Spectrum), Huile CBD - Elixir 30% (Full Spectrum), Huile CBD Menthe - Elixir 5% (Full Spectrum), Huile CBD Menthe - Elixir 10% (Full Spectrum), Huile CBD Menthe - Elixir 15% (Full Spectrum), Paiement sécurisé, Livraison en 48 à 72h, Une question ?, Fidélité, Restez informé sur les actualités CBD, HighSociety, À propos, Mon compte, © 2023 HighSociety. Tous droits réservés",
Buy the best CBD in France | CBD Shop Third eye,"CBDoils, Vape pensCBD,CBDinfusions,CBDflowers... Acheter le meilleurCBDenFrance, avec Third eye, c'est possible ! Avec nous, vous faites le choix ...",https://thirdeye-shop.com/en/boutique/,,"Exceptional CBD,, For all tastes. And for everyone., Vape CBD Battery, CBD cartridge for Vape Pen - Soothing, CBD cartridge for Vape Pen - Focus/Actif, CBD cartridge for Vape Pen - Tahoe OG, Cheese CBD, Raw Classic rolling papers, Raw cardboard filters, CBD Capsules, Gorilla Glue CBD, Shelled Hemp Seeds Organic - 250gr, Biodegradable CBD Grinder Third eye, Vegan CBD Gummies, CBD Oil Animals 4.5%., Focus/Actif CBD Oil, CBD Oil Soothing, CBD Oil Protection, CBD Oil Sleep - Relaxation, Superfood Organic Immunity Mix - 250gr, Vape CBD Battery Pack + Refill Cartridge, Organic Hemp and Pea Proteins - 500g, Purple Haze CBD, Purple Punch CBD, Organic Chai Tea with CBD, Herbal tea with CBD Bio Sleep, Vape Pen – Limited Edition – Girl Scout Cookies, CBD Wedding Cake, They love our CBD products..., They talk about us, Our best selling CBD, Vape CBD Battery Pack + Refill Cartridge, CBD cartridge for Vape Pen - Tahoe OG, Vape CBD Battery, CBD cartridge for Vape Pen - Focus/Actif, Batterie Vape pen CBD + 1 Cartouche, What is CBD?, The N°1 French CBD in Premium quality, Thank you for registering! Your promo code will arrive in 1 minute (if not, please check your spam box)","CBD oils, Vape pens CBD, CBD infusions, CBD flowers..., It helps me a lot against stress, The best CBD on the market?, Nothing beats quality, Super quality and powerful effects, Subscribe to our newsletter",
French court overturns ban on sale of CBD-enriched ...,30 Dec 2022—France'shighest administrative judicial body has annulled a Government decree that banned the sale of hemp flower and leaf enriched with ...,https://www.brusselstimes.com/344554/french-court-overturns-ban-on-sale-of-cbd-enriched-cannabis,,,,
CBD Flowers - Trim Gold,Selection at our producers of flowers ofCBDinFrance. This Trim is a superb mixture of beautiful small heads of flowers. An excellent quality/price ratio.,https://www.davidvanille.com/en/flowers-of-relaxation-soothing/520-cbd-flowers-trim-gold.html,CBD Flowers - Trim Gold,"What is trim CBD?, What are the flavors of the CBD trim?, What are the effects of CBD trim?, What are the advantages of the trim CBD?, How to consume trim CBD?, What are the average contents in CBD and other cannabidoids of the CBD trim?, Youalso like, Coconut Flower Sugar - Premium A+, Black Tea - Vanilla Gourmet, Tandoori Masala - Poultry, Ras-El-Hanout Royal - Meat and Vegetables",,
"Sale Of CBD Flower And Leaf Up To 0.3% THC Legal, ...","4 Jan 2023—Having no psychotropic effect and not causing addiction,CBDflowers and leaves cannot be considered a narcotic, theFrenchhigh court rules ...",https://hbw.pharmaintelligence.informa.com/RS153236/Sale-Of-CBD-Flower-And-Leaf-Up-To-03-THC-Legal-French-High-Court-Decides,,,,
Space CBD (@spacecbd.france) • ...,"3276 Followers, 3 Following, 36 Posts - See Instagram photos and videos from SpaceCBD(@spacecbd.france)",https://www.instagram.com/spacecbd.france/?hl=en,,,,
Golden-CBD: Home,Produit en Suisse. Nos huiles et nos fleurs sont produites en Suisse par des agriculteurs en or et Stockées enFrancepour les livraisons enFrance. · Qualité ...,https://goldencbd.fr/,,"Nos Fleurs, Nos Hasch, Nos Packs, Nos Huiles, E-liquides, Nos Gummies, Thés & Tisanes, Nos Puffs, Nos Fleurs, Nos Hasch, Nos Packs, Nos Huiles, E-liquides, Nos Gummies, Thés & Tisanes, Nos Puffs, les bienfaits du cbd, Produit en Suisse, Qualité Premium Bio, Fruité, Goût Weed, épicé, Hasch, Nos meilleurs deals, Huiles, Nos Puffs, Bonbons, Thés et tisanes, Nos packs, E-liquide, Accessoires, Découvrir l’univers du CBD","Golden Gelato Kush CBD, Golden Free Mix CBD À partir d’1,67€/g, Pack Golden Punch, Premium 4X CBD 54,9%, Premium Canna Bubble CBD, Premium Orange Bud CBD, Premium LEMON HASCH CBD 20%, Premium GHOST OG CBD",
"En France, les cultivateurs de CBD sont désormais",24 Jan 2023—Le Conseil d'État a définitivement autorisé la vente de fleurs et de feuilles de chanvre cannabidiol (CBD). Un soulagement pour les ...,https://reporterre.net/En-France-les-cultivateurs-de-CBD-sont-desormais-des-paysans-comme-les-autres,"En France, les cultivateurs deCBDsont désormais «des paysans comme les autres»",,"2 000 magasins deCBDen France, Une filière pas encore mature, Une culture autorisée… mais très fortement contrôlée, Sur le même thème, Articles récents, Paramétrer les cookies"," reporterre, environnement,écologie,alternatives "
France Lifts Ban on Fleur-de-Cannabis for CBD Products,16 Jan 2023—Decision comes asFrance'sCouncil of State recognizesCBD'smedical efficacy and cannabis producers denounce strict legislation.,https://globalcannabistimes.com/france-lifts-ban-on-fleur-de-cannabis-for-cbd-products/,France Lifts Ban on Fleur-de-Cannabis for CBD Products,"GLOBALCANNABISTIMES.COM, Cannaconvo with Peter Su of Green Check Verified, GCT100 2023 Nominees: Media, Marketing & Events, GCT100 2023 Nominees: Health & Wellness, 100 Most Influential People, Zap! Feast Your Eyes on 12 Rare, Original R. Crumb Dope Comix, Is THCa Flower the Next Big Thing?, Lotus Nutrients Wins Best Cannabis Nutrients Award From High Times, A Potpourri of Dope Developments in NY, Cannaconvo with Ramon Reyes & David Hernandez of Happy Munkey, NY to Double Dispensary Licenses; Oklahoma Says NOPE to Dope",Cultivation,
Hemp - Agriculture and rural development - europa.eu,"Franceis the largest producer, accounting for more than 70% of EU production, ... that the marketing of legally producedCBDis permitted under EU law.",https://agriculture.ec.europa.eu/farming/crop-productions-and-plant-based-products/hemp_en,Hemp,"Hemp production in the EU, Hemp cultivation contributes to the European Green Deal objectives, Uses of hemp, Definition and provisions, Support available under the CAP, Committees and expert groups, Legal bases, Related links, Agriculture and rural development, Contact us, Follow us, About us, Related sites","Related information, 1. Textile industry (hemp fibre), 2. Food and feed (hemps seeds), 3. Construction (hemp fibre), 4. Paper production (hemp fibre), 5. Other uses","textile plant, hemp"
"Active Cbd (Marseille, France): Address, Phone Number","ActiveCBD, grossiste et détaillant de produits au Chanvre etCBDenFranceet en Europe. Découvrez notre gamme de fleurs, huiles, cosmétiques, vêtements au ...",https://www.tripadvisor.co.uk/Attraction_Review-g187253-d24117890-Reviews-Active_Cbd-Marseille_Bouches_du_Rhone_Provence_Alpes_Cote_d_Azur.html,,,,
CBD Full Spectrum E-liquid,Frenchmanufacturer of E-liquids withCBDand E-liquid Full Spectrum. We recreate the aromatic profile of the best varieties of hemp thanks to the natural ...,https://mariejeanne-cbd.com/en/,MARIE JEANNE CANNABIDIOL E-LIQUIDS,"Ils parlent de nous, MARIE JEANNE savoir-faire, MARIE JEANNE commitments, MARIE JEANNE values",You’ve never been closer to nature’s benefits,
Is Cannabidiol (CBD) Authorized for Sale in France?,"26 Jan 2022—After several years of battle and legal uncertainty, cannabidiol (orCBD), a non-psychotropic molecule of hemp, is finally authorized to be sold ...",https://www.rimonlaw.com/is-cannabidiol-cbd-authorized-for-sale-in-france/,"Insights & Analysis, Insights & Analysis, Is Cannabidiol (CBD) Authorized for Sale in France?",Post navigation,"Offices, Regional Practices",
CannaPlace CBD HHC France Shop,"Spatial is the largest 3D social network. Explore stunning worlds, create immersive spaces & express your virtual self. Upload 2D, 3D & NFT art in 1 click.",https://www.spatial.io/s/CannaPlace-CBD-HHC-France-Shop-638a8552646550000183f6b0,,,,
France Lifts Ban On CBD Product Sales,"31 Dec 2022—France's CBDban was effectively short lived, as the ban was initially put on hold in January 2022 and is now being lifted altogether.",https://internationalcbc.com/france-lifts-ban-on-cbd-product-sales/,France Lifts Ban On CBD Product Sales,,"RECENT POSTS, CATEGORIES, Find us, Join us",
CBD France: Justbob le meilleur magasin cbd online,La meilleure sélection de Fleurs et Huile deCBD. Haute qualité etconfidentialité garantie | Découvrez JustBob!,https://www.justbob.fr/,La boutique de CBD en France,"Les meilleures fleurs CBD de haute qualité, légales en Europe, Avis des clients, Achetez les meilleurs produits à forte teneur en CBD avec JustBob","Qu’est-ce qui a changé en France depuis la décision du Conseil d’État du 29 décembre 2022?, Quels sont les produits légaux de Just Bob à base de CBD?, Qu’est-ce que le CBD?, Le CBD est-il légal en France et en Europe?, Quels produits CBD puis-je trouver sur le site de JustBob?, Comment utiliser les produits CBD?, Comment conserver au mieux vos produits CBD?, Comment commander des produits CBD en France?, Où expédions-nous?, Comment puisse-je faire confiance à JustBob et à la gamme des produits CBD légaux qu’il offre?, Est-ce que Justbob peut garantir l’anonymat?, Comment tracer mon colis?, Comment puis-je en savoir plus sur JustBob?",
Huile CBD | Cannabis légal fabriqué en France,HuilesCBD. Vous cherchez un moyen simple et rapide pour profiter des bienfaits duCBD? Nous avons ce qu'il vous faut avec notre gamme d'huilesCBDde ...,https://lechanvrierfrancais.com/14-huiles-cbd,Huiles CBD,"Bien différencier CBD de THC, Les bienfaits des huiles CBD, Les différents types d'huiles, Différence entre huile de chanvre et huile de CBD","Huile CBD 10 %, Huile CBD 15 %, Huiles CBD 20 %, Huiles CBD 30 %",
Cbd Oil France,"Probably tolerance, Sittingcbdoilfrancein the studio, Ni Shuyan listened to the handsome junior and some changes in his hobbies in college, with a smug ...",https://www.lookoutmountain.com/Ktkvkcbdql/CBD-gummies-buy-cbd-oil-france/,Discover a Mountain of Fun,", Learn More, , Learn More, , Learn More","Experience natural beauty and breathtaking views at Rock City, Ruby Falls, and The Incline Railway on historic Lookout Mountain., , Iconic Tennessee destinations, located minutes from downtown Chattanooga.",
"CBD is not a narcotic, says EU court as it rules French ban ...","19 Nov 2020—CBDis not a narcotic, says EU court as it rulesFrenchban is illegal ... The cannabis-derived compoundCBDis not a narcotic drug because “it ...",https://www.theguardian.com/society/2020/nov/19/cbd-is-not-a-narcotic-says-eu-court-french-ban,"CBD is not a narcotic, says EU court as it rules French ban is illegal","More on this story, More on this story, Most viewed, Most viewed","CBDs: are they the elusive hangover-free drinks?, CBD products could be taken off shelves, says food watchdog, What happens when you try all the CBD products you can find?, 'What did you order?': Christian publisher CBD changes name after cannabis queries, Can cannabis oil really ease the pains of working life?, Cannabis has great medical potential. But don’t fall for the CBD scam, Ben & Jerry's announces plans to make CBD-infused ice-cream, CBD: a marijuana miracle or just another health fad?",
What Are the CBD Laws in France? [2021 Buyer's Guide],"13 Apr 2022—AlthoughCBDis legal to possess, some shops selling it have had trouble with the authorities — in some cases, the businesses are shut down and ...",https://dailycbd.com/en/france/,What Are the CBD Laws in France? [2021 Buyer's Guide],"Summary: Buying CBD In France, Best CBD Oil Brands For France (2021):, Where to Buy CBD Products in France, Is CBD Legal in France?, Hemp & Marijuana: What’s the
Difference?, A Brief History of Cannabis Laws
in France, Final Thoughts: Buying CBD In
France","What Type of CBD Products Are You Looking For?, Check Out More Trending Topics, Check Out More Trending Topics",
Point sur les produits contenant du cannabidiol (CBD),"La DGS compte sur les pharmaciens pour leur vigilance quant aux produits à base deCBDqu'ils peuvent vendre dans leurs officines, étant précisé que ces ...",https://www.ordre.pharmacien.fr/les-communications/focus-sur/les-actualites/point-sur-les-produits-contenant-du-cannabidiol-cbd,Point sur les produits contenant du cannabidiol (CBD),"Un cadre réglementaire précisé, Rappels pour les pharmaciens, Les catégories de produits contenant du CBD autorisés /ou interdits, Titre de la modal",,
Cannabidiol use and perceptions in France: a national survey,"by C Casanova·2022·Cited by 1—InFrance,CBDas a prescription drug (Epidyolex) is only available for 'compassionate use'.CBDas a food supplement, such as THC-deprived ...",https://bmcpublichealth.biomedcentral.com/articles/10.1186/s12889-022-14057-0,Cannabidiol use and perceptions in France: a national survey,"Abstract, Introduction, Methods, Results, Discussion, Availability of data and materials, Abbreviations, References, Acknowledgements, Funding, Author information, Ethics declarations, Additional information, Supplementary Information, Rights and permissions, About this article","Background, Methods, Results, Conclusion, Design, Study sample, Data collection, Inclusion and exclusion criteria, Outcomes, Explanatory variables, Statistical analyses, Study population characteristics, Factors associated with having heard of CBD, Factors associated with CBD use, CBD user profiles, Factors associated with CBD perceived harmfulness, Authors and Affiliations, Contributions, Corresponding author, Ethics approval and consent to participate, Consent for publication, Competing interests, Publisher’s Note, Additional file 1: Supplementary Table 1., Additional file 2: Supplementary Table 2., Additional file 3: Supplementary Figure 1., Cite this article, Share this article, Keywords, Follow BMC",
Nature&Terpènes CBD france chanvre légal - Bordeaux ...,"Spécialiste duCBDenFrance, découvrez nos différents produits FleursCBD, RésinesCBD, HuilesCBD. Livraison offerte dès 49€. Nature&Terpènes votre coin ...",https://natureterpenescbd.fr/,Nature&Terpènes Shop CBD chanvre france,"Code promo, Small Buds CBDTout, Nature&Terpènes, Huiles CBD, Huiles CBD, Nos résines CBDTout, Qualité et petit prix est ce possible ?, Fleurs CBD, Résines CBD, Capsules - CBDTout, CBD et MÉLATONINE, CBD et MÉLATONINE, CBD pour nos amis les animaux, CBD - Chiens&Chats, CBD c'est quoi ?, Actu CBDVoir toutes, Nature&Terpènes répond à vos questions les plus demandées., Avis clients","Fleurs CBD - Indoor - CBD Bordeaux, Livraison en Europe, Satisfait ou Remboursé, Service Après Vente, Paiement sécurisé",
"CBD France : Huile, Eliquide, Fleurs, Résine et Tisane","Retrouvez notre sélection deCBDfabriqué enFrance: eliquideCBDpour cigarette électronique mais aussi de l'huileCBD, des fleursCBDou même les ...",https://www.vapoteuse.fr/95-cbd-cannabidiol-francais,CBD France : Retrouvez notre sélection de produits,"Pourquoi le CBD est-il tant plébiscité ?, Quand le CBD a-t-il été découvert?","Vapoteuse.fr, Cigarette électronique, Aide et conseils","eliquide cbd,fleurs de CBD,CBD,Huile CBD,Résine CBD,Vapoteuse cbd"
Le CBD Français – L'UNIVERS DU PLAISIR ET DU BIEN ...,"Bien évidemment, la totalité de nos produits ont été testé en laboratoire situé enFranceafin d'assurer la légalité de ceux-ci.",https://lecbdfrancais.fr/,,"50G ACHETÉS, 50G OFFERTS, VÊTEMENTS AU COULEUR LCF, NOUVELLES, Berry Lemon – Greenhouse CBD, Pack LCF – Saint Valentin CBD, Sunset California – Offre 50G, Bubble strawberry – Indoor CBD, Cocori kush – Greenhouse CBD_50G achetés 50G offerts, Dark kush – Hasch CBD+HHC, Gorilla Girl – Super Greenhouse CBD","MOléCULEs HHC & CBC, LES OFFRES DU MOMENTS, NOS PRODUITS, LES BIENFAITS DU CBD, NOTRE PARTENAIRE OFFICIEL, QUI SOMMES NOUS ?, Adresse, Email, Téléphone",
BIO CBD FRANCE: BIO CBD - 100% naturelle,Retrouvez tous les meilleurs produits à base deCBDen boutique ou en ligne ✔️Livraison express !,https://biocbd-france.fr/,,"Des produits naturels et eco-responsables, Acheter, Nos meilleurs ventes, , Nos produits en circuits courts, Acheter, Acheter, Notre sélection de bière au chanvre, , INFOS PRATIQUES","Panier (0), Fleurs et Hash CBD, Huiles CBD, Infusions CBD, E-liquides CBD, Pax 2, Harlequin CBD 15%, Huile CBD 30% Full Spectrum, Hemp Kush 15%, Épicerie sucrée, Épicerie salée, Boissons sans alcool, Bières, Vins et Mousseux, Spiritueux, Escobar - Bière au chanvre - Brasserie de Rodemack, Barrette  - Bière au chanvre - Brasserie de Rodemack, Brasserie Malt & Hop - Bière au chanvre, Les préjugés du CBD, Qu'est ce que l'huile CBD et comment fonctionne t-elle ?, Comment consommer du CBD ?, Liens rapides, Informations, Newsletter",
Peut-on se faire prescrire du CBD en France ?,"EnFrance, leCBDne nécessite pas de prescription pour être consommé. Cependant le cannabis médical peut être prescrit uniquement par des médecins ...",https://cbdouce.fr/sante/cbd-prescription-france/,Comment se faire prescrire du CBD en France ?,"La prescription initiale du CBD réservée aux médecins spécialistes, Pour qui s’adresse le cannabidiol ?, Sous quelle forme le CBD sera prescrit ?, Read more articles","Optez pour de l’huile au CBD 100% BIO, Huile au CBD 10%, Huile au CBD 30%, Huile au CBD 5%, Une tisane au CBD 100% naturelle, Tisane au chanvre – Bonne Nuit, Tisane au chanvre – La Menstruelle",
"Satyva | Cannabis CBD légal - Fleurs, huiles, résines",Vous désirez acheter duCBDou développer une franchise ? Découvrez des produits de qualités et de fabrication ... Achat deCBDenFrance. produit-légaux ...,https://satyva.fr/,Achat de CBD en France,"Produits conformes à la législation | 100% légale, Nos fleurs de CBD, Nos huiles de CBD, C'est quoi le CBD ?, C'est quoi le CBD ?, Qui sommes-nous ?, Qui sommes-nous ?, …, …, …, …, …, …, …","Produits 100% légaux, Fait en France, Envoi sécurisé, Livraison offerte, Produits 100% légaux, Fait en France, Envoi sécurisé, Livraison offerte, Pack débutant, Pack économe, Pack Indoor, Durban Poison - Fleur de CBD, Gorilla Glue - Fleur de CBD, Huile de CBD Sommeil 10%, Huile de CBD Concentration 10%, Huile de CBD Récupération 10%, Huile de CBD Booster 10%, Huile de CBD 10% - Full Spectrum",
Mybud Shop CBD France - Acheter du CBD Légal en France,ProduitsCBDau meilleur rapport qualité/prix enFrance. ✓ Livraison rapide et gratuite à partir de 50€ d'achat. Découvrez notre sélectionCBD.,https://mybudshop.fr/,Votre CBD Shop en France depuis 2018,"FLEURS, Résines, Huiles, Infusions, Animaux, Découvrez nos fleurs Indoor, Consultez les avis de nos fidèles clients, Vos achats CBD récompensés, Ventes flash de CBD en France, Ventes d'huile de CBD en France, 9 shopsen france !, Découvrez nos derniers articles de blog, Tests de dépistage aux stupéfiants et CBD : quels sont les risques ?, Mybud débarque dans de nouvelles régions !, Cuisine au CBD : tout savoir sur ce phénomène à la mode, Une question sur le CBD ?Lisez notre F.A.Q.","California Haze, Zkittlez, Master Kush, Wedding Cake, Purple Haze, Tutti Frutti, Hawaiian Haze, Northern Lights, Tangerine, Orange Bud, Mango Haze, Banana kush, Lemon candy, Cannatonic, Strawberry kush, Super silver haze, Amnesia, Gelato, Tropical Haze, Cheese, Découvrez notre programme fidélité, 100, Bubble Gum, Cheesecake, Ice cream, Huile CBD Full Spectrum 20% Cassis, Huile CBD Full Spectrum 10% Cassis, Huile CBD Full Spectrum 10% Menthe, Huile CBD Full Spectrum 20% Menthe, Huile CBG Full Spectrum 20%, Huile CBD animaux 3% saumon, Huile CBD animaux 5% boeuf, Huile CBD animaux 3% boeuf, Huile CBD animaux 5% saumon, Huile CBD + CBN 20% & Mélatonine 1%, Huile CBD Orange 20%, Huile CBD Orange 30%, Huile CBD Orange 10%, Huile CBD Nature 30%, Huile CBD Nature 20%, Huile CBD Nature 10%, Huile CBD Orange 5%, Huile CBD Nature 5%",
"La vente de fleurs de CBD finalement autorisée, le ...","Dec 31, 2022—Le commerçant envisage même une production locale ""LaFrance, c'est le premier pays producteur de chanvre, mais il est réservé au textile et à l ...",https://www.francebleu.fr/infos/societe/ll-est-maintenant-legal-de-consommer-et-de-vendre-de-la-fleur-de-cbd-1098402,"La vente de fleurs de CBD finalement autorisée, le soulagement des vendeurs à Pau","""On ne se sert pas des fleurs qui pour nous valent de l'or"", Sur le même sujet, Pyrénées-Atlantiques : l'info en continu","Nous contacter, Newsletter, Nous contacter, Newsletter",
La French - Chanvre & CBD • Les meilleurs produits CBD,"LeCBDou de son vrai nom, le cannabidiol, est issu de la famille du cannabis sativa L. C'est une molécule issue naturellement du chanvre, faisant partie de la ...",https://frenchhempfactory.com/,,Avez-vous plus de 18 ans ?,,
The CBD House | Vente de produits à base de CBD en France,"Vente de fleurs, pollens, huile MCT deCBDdans toute laFranceet en Europe. Produits contrôlés et en accord avec la législation Française.",https://www.thecbdhouse.fr/,Aidez nous à rester votre partenaireBien-être !En signant laPétitionci-dessous,"Bienvenue chez les précurseurs duCBD au Pays Basque et en France, , Boutique deCBDlégal en france, G13 CBD, Glookies CBD, Jack’n Cheese CBD, Lemon Diesel CBD, Mix Fleurs, Mix Miettes de CBD « Indoor », Pineapple Kush CBD, Sour Glue CBD, Static CBD, Super Pollen CBD, Super Strawberry, WHITE CHOCO CBD, FleursCBDen promotion &vente en gros, Baby Bud L.A Confidential, Cherry CBD BIO – MADE IN FRANCE, Dry Cheese X3 – 70%, Dry Sherblato X3 – 70%, Dry Skittlez X3 – 70%, G13 CBD, Pourquoi choisir TheCBDHouse ?, MIX MIETTES - La top qualité déjà mixé, Des résines deCBDpuissantes, Static CBD, Super Pollen CBD, Cartridge The CBD House – Californian OG Kush, Dry Sherblato X3 – 70%, Et des huilesMCTà base deCBDfull spectrum, Cookies Huile CBD – Cereal Milk, Cookies Huile CBD – Gelatti, Huile full spectrum 30% de CBD, Huile full spectrum 25% de CBD","Des produits CBD de qualité, Une livraison rapide, Un cumul de points fidélité, Un service clients efficace, Biarritz, Saint-Jean-de-Luz, Capbreton, Bayonne, Nos Produits, Contact",
"CDUCBD : le CBD, un marché en pleine expansion","Feb 27, 2023—Le marché mondial duCBDdevrait croître à un taux de croissance annuel ... Le nombre de boutiques deCBDenFrancea été multiplié par ...",https://www.bfmtv.com/economie/entreprises/cducbd-le-cbd-un-marche-en-pleine-expansion_AB-202302270027.html,"CDUCBD : le CBD, un marché en pleine expansion","L’évolution législative a-t-elle libéré le marché du CBD en France ?, Qui sont vos clients ?, Quel est le secret du succès de la marque ?, Top Articles, A la Une","Les réussites à la française, À la découverte d'Eliquid France, créateur de saveurs, La Bambouseraie de Paris : les plantes touffues subliment les jardins, Serge Matile : Maîtrise d’oeuvre…autrement, Le Pen battrait Macron avec 55% des voix si le second tour de la présidentielle avait lieu aujourd'hui, Réforme des retraites: Laurent Berger anticipe ""qu'il n'y aura peut-être pas de porte de sortie"", L'homme et la femme les plus riches au monde sont Français, une première, ""Laissez-moi danser"": la réponse de Bilal Hassani après son concert annulé dans un ancienne église, WhatsApp: vous allez bientôt pouvoir cacher vos discussions les plus intimes",
Boutique CBD Herbe France vente de cannabis légal,"BoutiqueCBDHerbe enFrance, vente de cannabis légal sur La Boutique en Herbe : infusions, compléments alimentaire, fleurs et confiseriesCBD.",https://www.laboutiqueenherbe.com/,Boutique CBD en France,"Infusions CBD, Fleurs CBD, Gummies Cbd, Huiles CBD, Thés et matés au chanvre CBD, Notre FAQ, Infos et recettesautour du chanvre","Qu'est-ce que le cannabidiol ?, Qu'est-ce qu'une fleur de CBD ?, Est-il légal ?, Quels sont ses effets, Boutique CBD - Livraison, Comment fonctionne le programme de fidélité ?, Comment contacter notre Boutique CBD, Menu, Panier","boutique cbd, vente cbd, cbd france"
Quelle est la législation du CBD en France ?,"Jan 27, 2023—EnFrance, la législation autour duCBDest régie par la loi n° 70-1320 du 31 décembre 1970 relative aux mesures sanitaires de lutte contre la ...",https://www.futura-sciences.com/sante/questions-reponses/bien-etre-legislation-cbd-france-18022/,Quelle est la législation du CBD en France ?,"Que disent la loi et le Conseil d’État du 29 décembre 2022 ?, Quel type de CBD est légal en France ?, Quel pourrait être l’avenir du CBD en France ?",,"bien-être, cbd, législation française, cannabidiol, huile de cbd, huile de cannabidiol, cannabinoïde, vertu thérapeutique, thc"
SWEET CBD FRANCE,SweetCBD Francec'est la garantie d'une qualité supérieure de produits à base de CBD. Découvrez la sélection la plus minutieuse du marché par Héléna et ...,https://sweetcbdfrance.com/,,"L'histoire d'un couple de passionnés, NOS BEST-SELLER, Nos produits les plus appréciés, Des Clients Satisfaits, Grand Destockage, ENECTALIANA CBD, Bulle info CBD | L'info bref CBD, Histoires brèves sur le CBD","Informations, Produits CBD 100 % Légaux, Liste de diffusion",
ACHAT CBD Bio en France | Le comptoir du CBD Bio |,"Notre credo: la qualité à des prix abordables! (huiles,fleurs, e-liquides,et bien d'autres). Retrouvez le meilleur duCBDbio enFranceproduit dans une ...",https://lecomptoirducbdbio.fr/,Le comptoir du CBD Bio,"Ajouté au panier à l'instant, Nous développons pour vous les meilleurs produits issus du CBD., Le CBD est naturel et ne provoque pas d'accoutumance., Nous développons pour vous les meilleurs produits issus du CBD., Le CBD est naturel et ne provoque pas d'accoutumance., Nos Catégories vedettes, Le Comptoir du CBD Bio en quelques mots, Merci pour votre fidélité!, FOIRE AUX QUESTIONS, Tout connaitre sur le cbd, Related Products Grid, 20% off on buy 2 shoes, Cart(0)",", Quels sont les bienfaits du CBD sur le mal de dos ?, CBD et grossesse : est-ce compatible ?, Comment prendre de l'huile de CBD ?, Gummies au CBD, Terpènes : tout savoir sur ce composant du CBD, Le CBD peut-il améliorer la libido et la sexualité ?, CBD : quels sont ses effets sur l’anxiété ?, Le CBD peut-il aider à soulager les migraines ?, CBD : définition, Le CBD et le sport sont-ils compatibles?, Les dangers du CBD, CBD CBG et maladie de Crohn, Livraison en Europe, Satisfait ou Remboursé, Service Après Vente, Paiement sécurisé, , , , , Sail and harvest moon, , , ",
La nouvelle législation CBD en France en 2022,"Aujourd'hui enFrance, la vente de produits à base deCBDet de fleurs de chanvre, contenant un pourcentage quasi nul de THC, est autorisée enFrance.",https://www.captaincontrat.com/gestion/developpement-de-lentreprise/la-nouvelle-legislation-cbd-en-france-me-kouhana,La nouvelle législation CBD en France en 2022,"1/ Rappel : la législation sur le CBD avant l’arrêté du 30 décembre 2021, 2/ Les changements instaurés par l’arrêté du 30 décembre 2021, 3/ Quelles sont les conséquences pour les entrepreneurs du CBD ?, 4/ Et après … ?, 5/ Les points importants à retenir sur la législation, Tous les articles similaires",,
"CBD pour apaiser les maux physiques, psychologiques ...","Fleurs, tisanes, gélules, huiles & autres formes deCBD✓ 20% de RÉDUCTION sur votre 1ère commande ✓ Livraison GRATUITE dès 49€ enFrance!",https://www.cbdeau.fr/,Acheter du CBD pas cher en France avec CBD'eau,"CATÉGORIES CBD LES PLUS VISITÉES, BLOG & ACTUALITÉS CBD","NOS NOUVEAUTÉS, Quels sont les différents bienfaits du CBD sur la peau ?Publié : 31/03/2023 | Catégories :Actualités CBD, Le guide du CBN: tout savoir sur le cannabinol !Publié : 31/03/2023 | Catégories :Actualités CBD,Default,Variétés de CBD, Le CBG c'est quoi ? Découvrez le cannabigérol et ses caractéristiques !Publié : 28/03/2023 | Catégories :Default, Les questions fréquente sur le CBD ?","Grossiste cbd,fournisseur cbd,achat weed cbd,cannabis légal,producteur cbd,dropshipping cbd,achat cannabidiol,acheter cbd,achat cbd,cbd,cbd pas cher,cbdo,cbdoo"
Greenowl CBD Shop : Achat CBD | Magasin CBD En Ligne ...,"Spécialiste en fleurCBDlégal de qualité ✓. GreenowlCBDShopFrance. Grand choix fleurs cannabisCBDlégal ✓. Meilleur Prix et Avis 4,7/5.",https://greenowl.fr/,Achat de CBD Légal en France avec Green Owl,"Découvrez le meilleur du CBD, Green Owl, un acteur majeur du CBD en France, Qu’est-ce que le CBD ?, Quels sont les effets du CBD ?, Quelle maladie soigne le CBD ?, Le CBD a-t-il des effets secondaires ?, Comment consommer du CBD ?, Quelle est la différence entre CBD et THC ?, Est-ce que le CBD est une drogue ?, Est-ce que le CBD est légal en France ?, Où acheter du CBD en France ?, Pourquoi choisir le CBD shop GreenOwl ?, ","Du CBD 100% légal, CBD Livraison express, Programme fidélité, Service client réactif, Fleur CBD, Huile CBD, Résine CBD, Food CBD, Vape CBD, L'actu du Chanvre",
"Le CBD, le nouveau remède ?","Jan 26, 2023—Avec Amine Benyamina, médecin addictologue, chef du service de psychiatrie et d'addictologie de l'hôpital Paul-Brousse à Paris et président de ...",https://www.radiofrance.fr/franceinter/podcasts/zoom-zoom-zen/zoom-zoom-zen-du-jeudi-26-janvier-2023-8462440,"Le CBD, le nouveau remède ?","Reconnu par des études cliniques pour ses effets antiépileptiques, anxiolytiques, mais aussi anti-inflammatoires et neuroprotecteurs, le CBD est maintenant partout et vendu sous différentes formes. Mais est-ce vraiment sans danger ?, D'où ça sort, le CBD ?, Le CBD est-il une drogue ?",,
Legislative turmoil curbs the growth of the French CBD ...,"Dec 23, 2022—On January 24, 2022 theFrenchState Council provisionally overruled the December 2021 ministerial order banning the sale of rawCBDhemp ...",https://www.fas.usda.gov/data/france-legislative-turmoil-curbs-growth-french-cbd-market,France: Legislative turmoil curbs the growth of the French CBD market,"Breadcrumb, Related Reports","Contact:, Link to report:, Database Source:, Global Agricultural Information Network (GAIN), Egypt: Grain and Feed Annual, Colombia: Food Processing Ingredients, Honduras: Food Processing Ingredients",
CBD VITAL - Acheter produits Premium CBD - Shop en ligne,La boutiqueCBDVITAL est leCBDShop leader enFranceavec des produitsCBDBio de haute qualité ▻ Achetez des produits PremiumCBDpas cher.,https://www.cbd-vital.fr/,CBD VITAL - Le CBD Shop en ligne pour les produits CBD premium,"CBD VITAL Meilleure qualité Bio, Le CBD, naturellementfait pour vous, Qu'est-ce que le CBD ?","Comment fonctionne le CBD ?, Trouver le bon produit CBD pour moi",
Acheter Huile CBD & Cannabidiol | Cannabis Légal en ...,Acheter l'huile de Cannabis légal enFranceet en ligne ? Découvrez nos différents produits dosés de 5 à 30% deCBD✓ Produits avec des bienfaits.,https://lapetiteherboristerie.fr/acheter-cbd/huiles-de-cbd/,Huiles CBD,"Qu’est-ce que l’huile de CBD ?, Acheter de l’huile de cannabis : un produit 100% naturel aux innombrables vertus, Quels sont les bienfaits de l’huile de CBD ?, Comment consommer l’huile de cannabis ?, L’achat de l’huile de CBD est-il légal ?, Commander l’huile de CBD sur le site internet La Petite Herboristerie","20 Gélules | Huile de chanvre | 400MG, Huile CBD 10% | Huile de chanvre | 10ML, Huile CBD 5% | Huile de chanvre | 10ML, Huile CBD 20% | Huile de chanvre | 10ML, Huile CBD 15% | Huile de chanvre | 10ML, Pack LPH | Découverte, Pack LPH | Pratique, Huile CBD 30% | Huile de chanvre | 10ML, Pack LPH | Premium, Réduire le stress, Soulager les douleurs chroniques, Lutter contre les insomnies, Récupération musculaire, Effets antidépresseurs, Voie sublinguale, Gélule, Cuisine, Application sur le corps",
Boutique de CBD en ligne : vente de CBD légal en France,"Découvrez du cannabisCBDde haute qualité dans la boutique en ligne MyweedcbdCBD. Nous proposons des fleurs deCBD, des résines, de l'huile à spectre ...",https://myweedcbd.fr/,"Boutique de CBD  en France, Le CBD c’est quoi ?, Le CBD est-il légal en France ?, Bienvenue chez Myweedcbd","Ajouté au panier à l'instant, My Weed CBD, Découvrez les small buds, Promo CBD du mois d'Avril, , Quels sont les effets et bienfaits du CBD ?, Page de liste des collections, Avec MyweedCBD.fr commandez en toute sérénité :, STAY UP TO DATE",", 7 grammes deFRUIT CAKE, Small Buds de CBD, offerts !, Expédition, Assurance, Légalité",
CIDS France | Fabricant et grossiste CBD pour les pros,"Fabriquant, fournisseur et grossisteCBDpour les professionnels. Produits 100% légaux et made inFrance. Huiles, fleurs, vape, gummies...",https://cids-grossiste-cbd.com/,,"Acteur historique du CBd EN france, Produits à la une, Nos packs d'implantations, De la formulation au conditionnement, Nos experts vous accompagne, Avis clients, Ils parlent de nous, Un projet ? Une question ?, Nos produits, Cids France","Huile CBD CHANVRE BIO – CHANVRE NATURE – 10ML – BYSTILLA® – MOMENT NATUREL, Huile CBD MCT COCO BIO – MCT NATURE – 10ML – BYSTILLA®, Huile CBD MCT COCO BIO – Citron/Gingembre – 10ML – BYSTILLA® – ESSENCE DE JOIE, PUFF CBD MANGO – 3/8% – FULL SPECTRUM – SEEDWELL® – 300 PUFFS, Eliquide CBD OG KUSH – 100mg à 1000mg – BYSTILLA® – 10ML, E-Liquide CBD + Nicotine/sels – Menthe – 5refs – ByStilla®, Fleur de CBD Amnesia SeedWell®, Fleur de CBD White Widow SeedWell®, Fleur de CBD Mango Kush SeedWell®, RESINE BLACK AFGHAN 30% CBD SEEDWELL®, POLLEN MAROCCO 15% CBD SEEDWELL®, CRUMBLE CBD 90% SEEDWELL®, Infusion bio au CBD Citron Gingembre, Maté Le Chimarrao au CBD, Gummies CBD  10mg sans sucre, Shampoing Sensitive ANIMAL 300ml BYSTILLA®, Shampoing ANIMAL 300ml BYSTILLA®, Huile CBD Bio 2% ANIMAL BYSTILLA®, Baume Chinois CBD Sport 4% |600mg CBD, Baume chauffant Sport 4% |2000mg CBD, Cryogel Sport 2%| 2000mg CBD, BULK Fleur de CBD Amnesia, BULK Fleur de CBD Caramel candy, BULK Fleur de CBD Chocolate Diesel, Pack implantation CBD magasin BIO #1, Pack implantation CBD Vape Shop #3, Pack implantation CBD Shop, 5+1 OFFERT GUMMIES CBG douleurs BYSTILLA®, 5+1 OFFERT GUMMIES CBD RELAXATION DÉTENTE BYSTILLA®, Un CBD shop, Un Vape shop, Un magasin Bio / bien-être, Une épicerie fine / Concept store, Un buraliste, Un vétérinaire, une animalerie, Salle de sport / Magasin de sport, Ensemble créons vos produits en marque blanche, Les services d'un fabricant et grossiste spécialiste du cannabis, De la formulation au conditionnement, découvrez nos services, Un large choix de produits directs fabriquant, PUFF CBD BIG HAZE – 3/8% – FULL SPECTRUM – SEEDWELL® – 300 PUFFS, PUFF CBD MANGO – 3/8% – FULL SPECTRUM – SEEDWELL® – 300 PUFFS, Gummies CBN 10mg sans sucre, Gummies CBD  10mg sans sucre, Gummies CBG 10mg sans sucre, Pack implantation CBD magasin et salle de sport #1, Pack implantation CBD magasin bien-être naturel #2, Pack implantation CBD magasin BIO #2, Pack implantation CBD magasin animalerie, Pack implantation CBD magasin BIO #1, Pack implantation CBD Vape Shop #1, Pack implantation CBD magasin et salle de sport #2, Pack implantation CBD Vape Shop #4, Pack implantation CBD Vape Shop #3, Pack implantation CBD Shop, Pack implantation CBD Buraliste, Pack implantation CBD Vape Shop #2, E-liquide au CBD : tout savoir sur la vape CBD, Revendeur CBD : les questions fréquentes de vos clients, L’usage du CBD dans le sport, Un large choix de produits, Un service client disponible​, Des produits 100% légaux, Franco dès 300€, Inscrivez-vous à la Newsletter, Me connecter",
France sets temporary rules to keep $300 million market for ...,"Mar 21, 2023—Frenchauthorities have approved temporary guidelines which allowCBDproducts to be declared as food supplements and remain on the market ...",https://hemptoday.net/france-sets-temporary-rules-to-keep-300-million-market-for-cbd-open/,France sets temporary rules to keep $300 million market for CBD open,"The EFSA standard, EU process is slow, Second major EU market, From our archive","Like HempToday? How you can support us, Get Hemp Industry Updates, Vaping death in Belgium underscores need for rules, EIHA says, South Dakota opens first hemp lab, Menu, Connect with us, Newsletter Signup",
Cannabis : le Conseil d'État annule définitivement l' ...,"Dec 29, 2022—Si leCBD""a des propriétés décontractantes et relaxantes et des ... VIDÉO - Gaz hilarant : laFrancedoit-elle le bannir à son tour ?",https://www.tf1info.fr/societe/cannabis-en-france-le-conseil-d-etat-annule-definitivement-l-interdiction-de-la-vente-des-fleurs-de-cbd-chanvre-2243365.html,Cannabis : le Conseil d'État annule définitivement l'interdiction de la vente des fleurs de CBD,"La plus haute juridiction administrative avait suspendu pendant moins d'un an un arrêté du gouvernement interdisant la vente de fleurs de CBD.Elle a finalement décidé ce jeudi de l'annuler définitivement, jugeant que les produits concernés ne présentent pas à l'heure actuelle ""des risques pour la santé publique""., Le CBD ""ne peut être considéré comme un produit stupéfiant"", Sur lemême thème, ToutTF1 Info",,"Santé publique,Cannabis,Politique de santé,vidéo Sujets de société, video, actualités, info"
CBD : Annulation de l'arrêté interdisant la vente des fleurs ...,"Dec 29, 2022—Le Conseil d'État annule l'arrêté du 30 décembre 2021 interdisant de vendre des fleurs et feuilles de cannabis ayant un taux de THC ...",https://www.conseil-etat.fr/actualites/cbd-annulation-de-l-arrete-interdisant-la-vente-des-fleurs-et-feuilles-de-cannabis-sans-proprietes-stupefiantes,CBD : Annulation de l’arrêté interdisant la vente des fleurs et feuilles  de cannabis sans propriétés stupéfiantes,,,
Notre sélection de résine CBD - CDBpaschere.com,Retrouvez notre sélection de solides et résines CBD au meilleur prix. Notre équipe sélectionne les ... LivraisonCBD France& Europe. COLISSIMO OFFERT.,https://cbdpaschere.com/31-resines-cbd?,"Résines CBD, Résines CBD : le top du hash pas cher et légal !","Black Hash, Hash Marocain, Buddha Kush, Bubble Peach Hash, Critical Hash, Strawberry Hash, Libanais rouge (Exclusivité), Olivette, King Hassan, Black Mamba, 3x Filtré, Pack 15g Double Zéro..., Quels sont les goûts et les arômes disponibles au sein de ces stickit CBD PAS CHERE ?, Comment consommer du haschich légal au CBD ?, Pourquoi consommer du hash discount au CBD, CBN ou CBG ?","Pack 60g TRIM - Tutti...Prix de base(66 avis)Prix26,91 €, Amnésia(38 avis)Prix2,60€/gr, AK-47(71 avis)Prix0,99€/gr, JamaiKann(82 avis)Prix0,99€/gr, Baby Shrek CBD(20 avis)Prix1,00€/gr, Moonrock(61 avis)Prix1,90€/gr, Black Hash(38 avis)Prix0,99€/gr, Kief-Pollen de CBD en vrac...(14 avis)Prix2,50 €, Pré-Rolls Bubble Gum IndoorPrix1,99 €","stickit CBD, hash pas cher, hash discount, haschich pas cher, cannabis légal, résine filtrée CBD, résine pas chère, CBD PAS CHER, CBD PAS CHERE, résine libanais rouge, hash libanais rouge, Libanais rouge"
Boutique CBD Stormrock | Cannabis légal | Livraison en France,"Retrouvez les meilleures variétés de fleurs deCBDà prix imbattable dans notre boutique en ligne ✓ Taux de 8 à 99% ✓ En infusion, vaporisation ou ...",https://stormrock.fr/,,"L'offre de la semaine, Fleurs CBD, Résines CBD, Extractions CBD, Huiles CBD, Let customers speak for us, Découvrez nos actualités","Pack Pineapple - OFFRE LIMITÉ, Pack Pineapple - OFFRE LIMITÉ, Girl Scoot Cookies, Girl Scoot Cookies, Gorilla Glue - CALIBOX, Gorilla Glue - CALIBOX, Résine filtrée x3, Résine filtrée x3, Pack Pineapple - OFFRE LIMITÉ, Pack Pineapple - OFFRE LIMITÉ, Blue Dream Kush, Blue Dream Kush, Blueberry Diesel, Blueberry Diesel, Girl Scoot Cookies, Girl Scoot Cookies, AK-OG (Amsterdam Genetics), AK-OG (Amsterdam Genetics), California Kush, California Kush, Gorilla Glue, Gorilla Glue, OG Kush, OG Kush, Mango Kush, Mango Kush, Critical 2.0 +, Critical 2.0 +, Purple Haze, Purple Haze, Gelato, Gelato, Résine filtrée x3, Résine filtrée x3, Critical Haze, Critical Haze, Charas (India Genetics), Charas (India Genetics), Og Brown, Og Brown, Elevator, Elevator, Résine filtrée x4, Résine filtrée x4, Gold Marocain, Gold Marocain, Hash Afghan, Hash Afghan, Hash Californien, Hash Californien, Kryptonite | 76% CBN, Kryptonite | 76% CBN, Purple Wax, Purple Wax, Wax Full spectrum, Wax Full spectrum, Résine filtrée x3, Résine filtrée x3, Crumble Wax, Crumble Wax, Résine filtrée x4, Résine filtrée x4, Icerock, Icerock, Redrock, Redrock, Moonrock, Moonrock, Earthrock, Earthrock, Cristaux CBD, Cristaux CBD, Huiles CBD FULL SPECTRUM, Huiles CBD FULL SPECTRUM, Huiles CBG, Huiles CBG, Huiles CBN, Huiles CBN, Comment consommer du CBD ?, Comment consommer du CBD ?, Quels sont les effets du CBD ?, Quels sont les effets du CBD ?, Qu'est-ce que le CBD ?, Qu'est-ce que le CBD ?",
Fournisseur vente de cbd france,"CBDProducteurCBDet GrossisteCBDenFrancede cannabis légal <0, 2 THC Leader sur le Marché Français, retrouvez nos ventes en Gros de Cannabidiol pour ...",https://www.europages.fr/entreprises/vente%20de%20cbd%20france.html,Vente de cbd france - Import export,,Trouvez des devis pour,
Culture CBD France livraison CBD commande en ligne ...,"LeCBDn'est pas considéré comme un stupéfiant, les fleursCBDque nous commercialisons sont légales,car il contient moins de 0,2% de THC.cbdlégalfrance...",https://culture-cbd.fr/,,"LE CBD C’EST QUOI ?, En promo","Baume / Onguent au CBD..., Gel Muscles effet chaud..., Crème Muscles effet froid..., Crème hydratante Jour et..., 600mg Orange Bud E-Liquide..., 600mg Caramel Candy..., 600mg Strawberry Diesel..., 600mg Apple Jack E-Liquide..., 10-15% Mini fleurs / small..., Conservation optimale..., 90% Moonice Icerock Culture..., Huile CBD 20% BIO France..., Cadeau offert sous condition, RAW Original Tips x50..., Pens cigarette electronique..., Bonbon Blueberry 25mg CBD..., Baume / Onguent au CBD..., Gel Muscles effet chaud..., Crème Muscles effet froid..., Crème hydratante Jour et..., 600mg Orange Bud E-Liquide..., 600mg Caramel Candy..., 600mg Strawberry Diesel..., 600mg Apple Jack E-Liquide...","cbd, cbd shop, cbd boutique, cbd livraison, cbd livraison france, cbd légal, cbd fleurs, comparatif cbd, meilleur cbd, tete cbd, conseil cbd, calculer dose cbd"
"Gardenz - CBD Shop , boutique de Cannabis légal en France","Gardenz, votre boutique deCBD, vous propose un large choix d'huiles, de fleurs, d'infusions, de cosmétiques. Livraison rapide sur toute laFrance.",https://www.gardenz.fr/,"Pourquoi Gardenz est élu #1 du CBD, Pourquoi Gardenz est élu #1 du CBD, GARDENZ","Quoi de neuf dans le Gardenz ?, Nos nouveautés, Tous nos produits CBD, Fleurs de CBD, Resine CBD, Huile CBD, CBD en Pharmacie, CBD Alimentaire, Infusion CBD & Boisson CBD, CBD Extract, E Liquide CBD & Vapoteuse CBD, Vaporisateur CBD, Accessoires CBD, Cadeaux CBD, Gardenz, c'est aussi une marquequi lutte pour la biodiversité, Nos programmes CBD, Programme Fidélité CBD, Parrainage CBD, CBD SHOP PARIS, Vos avis CBD, Ils parlent de nous !, Quoi de neuf dans le Gardenz ?, Nos nouveautés, Tous les produits CBD, Fleurs de CBD, Resine CBD, Huile CBD, CBD en Pharmacie, CBD Alimentaire, Infusion CBD & Boisson CBD, CBD Extract, E Liquide CBD & Vapoteuse CBD, VaporisateurCBD, Accessoires CBD, Cadeaux CBD, Nos programmes CBD, Programme Fidélité CBD, Parrainage CBD, CBD SHOP PARIS, Vos avis CBD, Ils parlent de nous !, Qu'est ce que Gardenz ?, L'histoire de Gardenz !, Que trouve t-on dans le Gardenz ?, CBD EN PHARMACIE, FLEURS DE CBD, HUILE CBD, CBD ALIMENTAIRE, INFUSION CBD & BOISSON CBD, CBD EXTRACT, ACCESSOIRES CBD, E LIQUIDE CBD & VAPOTEUSE CBD, VAPORISATEUR CBD, RESINE CBD, GRAINE CBD & GRAINES DE COLLECTION, CBD ANIMAUX, Cadeaux CBD, CIGARE CBD, Est ce légal d'acheter sur Gardenz.fr ?, Ne loupe aucune offre en t'inscrivant à la newsletter !, On reste connecté !, Infos, Contact, Boutiques, Ne ratez pasLes nouveautés !, Infos, Boutiques, Contact, On reste connecté !","Découvrez nos promotionsjuste ici, Profitez de -20% sur une commande au choix avec le code "" NEW ""*, Urea anti test urinaire THC 30ml - kleaner, Cendrier Original Métal - Purize, Cone Pre rouler x6 - Purize, Joint Gonflable - Purize, Tasse - Purize, Filtre charbon actif joint Extra Slim x10 - Purize, Filtre en bois goût Citron x5 - Purize, Filtre en bois goût Fruit des Bois x5 - Purize, Pochette anti odeur Rose Waterproof - Purize, Pochette anti odeur Noire - Purize, Filtre en verre - RooRxPurize, Filtre charbon actif joint Extra Slim x5 - Purize, Urea anti test urinaire THC 30ml - kleaner, Cendrier Original Métal - Purize, Cone Pre rouler x6 - Purize, Joint Gonflable - Purize, Tasse - Purize, Filtre charbon actif joint Extra Slim x10 - Purize, Filtre en bois goût Citron x5 - Purize, Filtre en bois goût Fruit des Bois x5 - Purize, Pochette anti odeur Rose Waterproof - Purize, Pochette anti odeur Noire - Purize, Filtre en verre - RooRxPurize, Filtre charbon actif joint Extra Slim x5 - Purize, Creme CBD, Huile CBD pharmacie, Gelule CBD, Baume CBD, Huile corporelle, Serum CBD, Gel CBD, Fleur CBD puissante, Fleur CBD douce, Indoor, Greenhouse, Outdoor, Huile CBD Nateava, Huile CBD Naturalpes, Huile CBD 5%, Huile CBD 10%, Huile CBD 20%, Huile CBD 30%, Huile CBD 40%, Miel CBD, Chocolat CBD, Graine de chanvre, Proteine de chanvre, Pates au chanvre, Bonbon CBD, Pate a tartiner CBD, Infusion CBD, Boisson CBD, Alcool CBD, Dosette café CBD, Cristaux CBD, Crumble CBD, Stick CBD, CBD test salivaire, Briquet, Cendrier, Grinder, Feuille a rouler, Plateau a rouler, Blunt, E liquide CBD, Vapoteuse CBD, Puff CBD, Cartouche CBD, PAX, Dynavap, Zenco, Resine CBD puissant, Resine CBD douce, Graines de collection, Graine CBD, Graine CBG, CBD Chat, CBD chien","cbd, cannabis, huile-cbd, infusions-cbd, fleurs-cbd, cbd-pas-cher, cbd-premium, livraison-cbd-paris, site-cbd-france, cbd-france, meilleur-cbd"
Mon-Cbd-Francais.com: Grossiste CBD en France,"Achetez légalement des produits en gros pour revendre des produits à bases deCBD: E-liquides, Huiles...Découvrez MonCBDFrançais !",https://mon-cbd-francais.com/,1er Grossiste français de produits CBD exclusivement pour les professionnels,"Un catalogue diversifié et des produits de qualité, Pas de minimumde commandeet franco dès 300 €, Des produits légaux, analysés en laboratoire, Un service commercial réactif qui saura vous conseiller, VOS PRODUITS CBD PREMIUM AU MEILLEUR PRIX !LIVRÉS EN 24H AVEC CHRONOPOST, QUI SOMMES NOUS ?, Nos marques au CBD, FAQ, Devenir revendeur, Nouveau client créez votre compte !, Mon CBD Français, fournisseur et partenaire des professionnels du CBD depuis 2018 !, Je suis majeur","Nos produits CBD, Espace professionnel, Créer sa marque de CBD, Quel revendeur êtes-vous ?, MAGIC HAZE - MULTI SPECTRE, Infusion Fleurs CBG - Gelato, Huile CBD Chanvre, Huile CBD Coco MCT, Huile de soin au CBD - Sport, Huile de massage au CBD -..., Tisane l'Anti douleur, Tisane Bras de Morphée, Mélange VITALITÉ CBD –..., Huile CBD Coco - Orange..., Mme Canna, CRÈME REVITALISANTE ET..., Infusion Fleurs CBD - Super..., Infusion Fleurs CBD -..., Waxx Mini - Super Lemon Haze, Mme Haze, Mr Gorilla, Mme Canna, Mr Kush, AMNESIA, AFGAN SKUNK, FULL SPECTRUM, RED PARADISE, MOON PARADISE, BOOSTER FULL SPECTRUM, MAGIC HAZE - MULTI SPECTRE, BOOSTER CBD, PINEAPPLE KUSH - Destockage, SWEET MINT - Destockage, SUN PARADISE - Destockage, BIG PURPLE - Destockage, MOON PARADISE - Destockage, MAGIC HAZE - Destockage, ANMESAI, WHITE WINDOW, Huile Anti-stress au CBD -..., Huile Sommeil au CBD -..., Huile Anti-douleur au CBD -..., Huile Sérénité au CBD -..., Huile CBD Chanvre, Huile CBD Coco MCT, Huile CBD / CBG Coco MCT 10%, Huile CBG Coco MCT, Huile CBD chanvre - Ma..., Huile CBD coco - Ma Petite..., Huile CBD Coco, Huile CBD Coco - Orange..., Huile CBD Coco - Fruit de..., Huile CBD - Boîte de 6 - Un..., Huile CBD mélatonine - Ma..., Huile CBD/CBN - Ma Petite..., Infusion Fleurs CBD -..., Infusion Fleurs CBD -..., Infusion Fleurs CBD VRAC -..., Infusion Fleurs CBD - Super..., Infusion Fleurs CBD VRAC -..., Infusion Fleurs CBG - White..., Infusion Fleurs CBD -..., Infusion Fleurs CBD -..., Infusion Fleurs CBD VRAC -..., Infusion Fleurs CBD - Montana, Infusion Fleurs CBD VRAC -..., Infusion Fleurs CBD - Amnesia, Infusion Fleurs CBG VRAC -..., Infusion Fleurs CBD - OG Extra, Infusion Fleurs CBD VRAC -..., Infusion Fleurs CBG - Gelato, Infusion Fleurs CBD -..., Infusion Fleurs CBD -..., Infusion Fleurs CBG VRAC -..., Infusion Fleurs CBD VRAC -..., CRÈME RÉCUPÉRATION CORPORELLE, CRÈME REVITALISANTE ET..., CRÈME DOUBLE ACTION..., CRÈME RÉPARATRICE MAINS ET..., SÉRUM LIFTANT ANTI-ÂGE, HUILE CORPS, CRÈME ANTI-ÂGE PERFECTRICE..., Huile de soin au CBD, Huile de massage au CBD, GEL EFFORT CBD - ACTIVE, GEL IMPACT CBD - ACTIVE, BAUME CBD, PATCH 24H - ACTIVE, MASQUE TISSU VISAGE, Active Calm Balm, Serumony - Huile visage..., Lipcovery, Skin Meditation, Shampoing pour barbe - Deep..., Shampoing pour barbe -..., Boutique de CBD, bar-tabac-presse, kiosque, salon de thé, épicerie, pharmacie, salle de sport, salon de tatouage..., Échantillons : un avant-goût des produits d’exception qui composent notre catalogue, MON CBD FRANÇAIS, Nos catégories, Informations, Espace professionnel",
420 Green Road: CBD France | Votre Spécialiste Français Du ...,"Chez 420 Green Road, le CBD (Cannabidiol) est une vocation. Découvrez notre gamme de produitsCBD France100% Naturel : Fleurs de chanvre, Hashish et bien ...",https://www.420greenroad.com/,420 Green Road,"Votre spécialiste CBD France, Fleurs, Hashish, Moonrocks, Wax, Huiles, Cristaux, CBD France : Produits 100% légaux","Qualité Certifié, Livraison Express, Grossiste, PW Hash | Pollen/Wax | 81,7% CBD, Elevator Hash CBD | Résine | 70% CBD, Hash Surprises | 12 – 33% CBD, Gold Marocain Hash | Pollen | 38% CBD, 420 la véritable histoire : origine & signification, Le HHC est-il légal en France ?, Qu’est ce que le Cannabichromène (CBC) ?, CBD Shop : Comment choisir le bon ?, Quelle est la différence entre le CBD naturel et le CBD bio ?, Les huiles CBD et les différentes méthodes d’extraction, Comment fabriquer son huile de CBD maison ?, Comment préparer son infusion à base de CBD ?, CBD France : Information Importante",
Bionat CBD : le bien-être au naturel. Chanvre légal livré en ...,"EnFrance, la consommation et le commerce duCBDsont très encadrés par la loi. Tout est mis en oeuvre pour éviter les effets négatifs de la molécule de THC que ...",https://bionat-cbd.fr/,,"Boutique, Nouveauté cbd animaux, Prix en baisse !, Les meilleurs produits cbd bio, Vous avez des questions sur le CBD ?, Qu'est-ce que le CBD ?, Le plus efficace des CBD en France, Votre magasin de CBD Bio n°1","Fleurs de CBD Amnesia indoor biologiques, Huile CBD 15% QUIETY (1500 mg / 10 ml de chanvre biologique), Huile CBD 30% QUIETY + (3000 mg / 10 ml de chanvre biologique), 30 Gélules CBD EASY PLUS (huile biologique 50 mg), Bonbons sans sucre Gummies CBD Bystilla 10 mg CBD pour la détente et relaxation, Infusion CBD Biologique au Rooibos Fleuri, QUALITÉ CERTIFIÉE / Analyses en laboratoire, LIVRAISON GRATUITE (en mondial relay) 
à partir de 60€, ENVOI RAPIDE et suivi en 48 heures, Comment prendre le CBD ?, Quels sont les effets du CBD ?, Le CBD est-il une drogue ?, Notre Blog sur le CBD : Les actualités santé et bien-être",
Is CBD oil legal in France? | Our CBD Blog,CBDis legal inFranceif it's extracted from a government-designated type of hemp that has less than 0.3 % THC content. The law also prohibits any type of ...,https://essentiapura.com/cbd-oil-legal-in-france/,Is CBD oil legal in France?,"The legal status of CBD in France, Recent History of CBD In France *UPDATED 2023*, Medical use of CBD in France, Where to buy CBD oil in France?, Conclusion, Post navigation, Contact Us, Products, About Us, Cookies","Learn more about the legality of CBD in your country, by contactinginfo@essentiapura.comor call us on+38651362880for more information.",
Weed Side Story: Boutique de CBD. N°1 en France,"Boutique n°1 duCBD❤ Découvrez notre gamme de résines, fleurs, huiles et infusions à base deCBD➽ au meilleur prix du net !",https://www.weed-side-story.com/fr/,", Weed Side Story - Boutique CBD","Les Avis des clients, Qu’est-ce que le CBD ?, Quelle différence y a-t-il entre le CBD et le THC ?, Le CBD est-il légal ?, Quels sont ses bienfaits?, Est-ce une drogue ?, Où commander du CBD ?","Coup de cœur, Nouveautés, Promo, Meilleurs ventes, Le blog des Weedistes, Qu’est-ce que les fleurs CBN ?, Que peut-on faire avec le chanvre ?, Qu'est ce que le chanvre ?, Est-ce que le CBD fait maigrir ?, Qui peut vendre du CBD en France ?, Est-ce que le chanvre est une drogue ?, Le CBD, Le THC, Les expéditions continuent!!",
Arrêté du 30 décembre 2021 portant application de l'article ...,... au catalogue commun des variétés des espèces de plantes agricoles ou au catalogue officiel des espèces et variétés de plantes cultivées enFrance.,https://www.legifrance.gouv.fr/jorf/id/JORFTEXT000044793213,,,,
Huile sublinguale 20% CBD,Dosage précis et pratique grâce au spray 10 ml; 2000mg soit 20% deCBD; Sans THC; Développé et testé en laboratoire; Fabriqué enFrance.,https://emoa-chanvre.com/product/huile-sublinguale-20-cbd/,Huile sublinguale 20% CBD,"Aux extraits de fleur de chanvre (CBD), Description, L’huile de chanvre, Informations complémentaires, Avis, Produits recommandés","EN OPTION : Pochon en édition limitée, Le CBD, Nos produits, A propos, Besoin d'aide ?",
Highest French Administrative Court Lifts the Ban on CBD ...,"Jan 9, 2023—In Kanavape, the Court of Justice of the European Union encouragedFranceto review its very strictCBDregulations, more specifically its ...",https://www.triagehealthlawblog.com/cannabis-hemp/highest-french-administrative-court-lifts-the-ban-on-cbd-flowers-and-leaves/,"TriageHealthLaw, Highest French Administrative Court Lifts the Ban on CBD Flowers and Leaves, Triage Health Law",,"Menu, Stay Connected, Subscribe By Email, Topics, Archives, TWITTER UPDATES, Recent Updates, SQUIRE PATTON BOGGS BLOGS, About the Squire Patton Boggs Healthcare Blog",
Country Profile | Biosafety Clearing-House - France,Convention on Biological DiversityCBD. Signin SIGN IN ...France. Party to the Cartagena Protocol on Biosafety. (since 11 Sep 2003).,https://bch.cbd.int/en/countries/FR,loading theBiosafety Clearing-Houseversion 2023.12.2Error loading theBiosafety Clearing-HousePlease contact the SecretariatShow detail error,,,
Le Grossiste CBD - Fournisseur Français de Produits CBD en ...,"Le GrossisteCBDest aujourd'hui le leader de l'industrie duCBDenFrance. Nous proposons les meilleurs produits en gros, avec des colis expédiés en moins ...",https://legrossistecbd.com/,,"Découvrez notre catalogue de produits CBD en gros, Le Grossiste CBD : Fournisseur de produits au CBD en gros en France et en Europe, Pourquoi choisir LeGrossisteCBD.com ?, Comment acheter du CBD en gros sur notre boutique ?, Quels sont les avantages de l’achat de CBD en gros ?, EN SAVOIR PLUS","Grossiste Fleurs CBD, Résines CBD en gros, Grossiste Huiles CBD, Des produits au CBD issus de l’agriculture biologique, Du CBD pas cher pour des produits de qualité certifiée, Une expertise reconnue par nos clients, Un catalogue complet de produits réglementaires en France et en Europe, Un packaging et un conditionnement répondants à chacun des besoins, Une livraison rapide et spécialisée de CBD en grosse quantité, Qu’est-ce que le CBD ?, La vente de produits au CBD est-elle légale en France ?, Comment obtenir et télécharger votre catalogue  ?, Pouvez-vous livrer du CBD à l’étranger ?, Comment fonctionne le paiement des commandes ?, Proposez-vous un réassort régulier ?, Comment vous contacter pour obtenir plus d’informations ?, Blog",
Acheter des produits Cbd Légal en France : Fleurs CBD ...,"Vente en ligne de produits cannabisCBD100% légal sous plusieurs formes : FleursCBD, HuilesCBD, PollenCBD, RésineCBD... Shop Français.",https://crazy-cbd.com/,,"Votre panier, Votre panier, Fleurs CBD Indoor, Pollen CBD, Résine CBD, Votre panier","CRAZY CBD, , CRAZY CBD, Crazy CBD, des produits offrants des bienfaits apaisants et relaxants, Des produits d’excellente qualité avec la boutique en ligne Crazy CBD, Les propriétés uniques des produits à base de CBD, Acheter du CBD en France, pour une consommation 100 % légale, Acheter du CBD en France sur notre cannabis legal shop, Le CBD légal en France avec des produits divers pour tous, Service Clients: LiveChat 7j7, Crazy Cbd: spécialiste du cbd (cannabis légal) & de l’huile de cbd, Que pouvez-vous acheter sur Crazy Cbd ?, Pourquoi acheter sur Crazy Cbd ?, Nous contacter, A PROPOS, INFORMATIONS, SERVICES CLIENTS",
Biocalma: Accueil,"CBD500mg, full spectrum. ... Nos huiles deCBDpressée à froid favorisent la diminution du stress et de ... Est-ce que leCBDest légal enFrance?",https://www.biocalma.fr/,", 15 %sur tousnosproduits avec le code :PAQUES15, 15 %sur tousnosproduits avec le code :PAQUES15, Sommeil,Bien-être,Apaisement,Sexualité., Sommeil,Contrôle de soi,Apaisement,Sexualité., Sommeil,Bien-être,Apaisement,Sexualité., Faites-vous plaisir, Sommeil,Bien-être,Apaisement,Sexualité., Nos huiles de CBD biologiques, Nos huiles, Notre pack découverte, Notre pack découverte, Réduit le stress et l’anxiété, Contrôle de soi, Décontraction musculaire, Sensation de bien-être, Réduit le stress et l'anxiété, Contrôle de soi, Relâchement musculaire, Sensation de bien-être, Réduit le stress et l'anxiété, Sensation de bien-être, Contrôle de soi, Relâchement musculaire, Trouvez l’équilibre que vous méritez, Faites-vous plaisir, Faites-vous plaisir, Pourquoi choisir Biocalma ?, Pourquoi choisir Biocalma ?, Pourquoi choisir Biocalma ?, Pourquoi choisir Biocalma ?, Ils ont aimé nos produits, Ils ont aimé nos produits, Ils ont aimé nos produits, Ils ont aimé nos produits, Vous avez des questions ?, Besoin d’aide ?, contact@biocalma.fr, Sur notre Chat","Ajouté au panier à l'instant, vendredi 7 avril  :  2 FLACONS ACHETÉS = 1 OFFERT !, 🇫🇷 LIVRAISON GRATUITE EN FRANCE MÉTROPILITAINE, Huile CBD Bio 5%, Huile CBD Bio 10%, Huile CBD Bio 20%, Huile CBD Bio 5%, Huile CBD Bio 10%, Huile CBD Bio 20%",", Notre service client est à votre écoute.",
"Le CBD, un produit de grande consommation","Nov 10, 2022—Aujourd'hui, les produits deCBDpeuvent être librement commercialisés enFranceà une condition : leur taux de THC (molécule psychotrope) doit ...",https://www.challenges.fr/vie-pratique/le-cbd-un-produit-de-grande-consommation_834934,"Le CBD, un produit de grande consommation ?, Le CBD : d’une molécule sulfureuse à un produit de grande consommation",", Le CBD, une molécule « bien-être » qui ne connaît pas la crise, , Statut légal du CBD : une saga qui attend son épilogue, , L’offre en CBD se structure pour répondre à une demande massive","Laurent Berger reproche à Macron d'entretenir une ""crise démocratique""",
Consommer du CBD au volant: quels sont les risques?,"Dec 21, 2021—DROIT DE L'USAGER - La consommation du cannabidiol, communément appeléCBD, est légale enFrancedès lors que la plante utilisée présente un ...",https://www.lefigaro.fr/automobile/consommer-du-cbd-au-volant-quels-sont-les-risques-20211221,Consommer du CBD au volant: quels sont les risques?,Radar «velolaser» : la nouvelle terreur des automobilistes venue d'Espagne,,"Droit de l'usager, Consommer Du Cbd Au Volant, Actualité, automobile, automobiles, auto, autos, voiture, voitures, accessoires, essais, tests, BMW, Mercedes, Renault, Peugeot, Citroën, Audi, Porsche, Ferrari"
Active CBD | Cannabis Légale et de Qualité | CBD France,"Achetez en ligne les meilleurs: Huiles, Fleurs, Résines, Extractions auCBD. ActiveCBD, Vente au détail et Grossiste de Cannabis ✓100% Légal !",https://activecbd.fr/,ActiveCBDl’Expert du Cannabis Légal !,"Grossiste et Détaillant de produits au Chanvre et CBD, Nos fleurs de CBD, Huiles CBD-CBC-CBN-CBG, Votre fournisseur de CBD Français, Cosmétiques CBD, Résines & Pollens de CBD, Accessoires Active CBD, Concentrés & E-liquides CBD, Découvrez nos programmes de fidélité, Alimentation CBD, L’actualité du CBD avecActiveCBD(ContrôlesBioDiagnostics)., LivraisonRapide Et Discrète, Vous vous posez des questions sur le CBD ?, Des questions ?, Informations, Mon Compte, Produits, Zones de livraison","PAIEMENT SECURISE, TRANSPORT EXPRESS 24/48H, Livraison offerte, PARRAINAGE & FIDÉLITÉ, Bombay – Punch Cake CBD 15%, Box 4 Fleurs de CBD – 100gr, Birman – Kompolti CBD 6,7% – Outdoor, Ragdoll – Apple Punch CBD 5%, Nebelung – Amnesia CBD 17% Indoor, Bengal – Jack Herer CBD 9%, Huile de Chanvre CBD 20% Broad Spectrum – Active CBD, Huile de Chanvre bio CBD 20% Full Spectrum, 10ml, Huile de Chanvre bio CBD 20% Broad Spectrum, 10ml, Huile de Chanvre bio CBD 10% Broad Spectrum, 10ml, Huile de Chanvre Bio 5% CBD 5% CBN “stress et sommeil”, 10ml, Huile de Chanvre Bio 5% CBD 5% CBN 5% CBG “Formule Confort”, 10ml, Huile de chanvre bio 5% CBD 5% CBG “Douleurs et Inflammations”, 10ml, Huile d’Argan 10% CBD, 10ml, Crème soulagement rapide CBD, 30ml – Hemphilia, Crème Visage Redensifiante et Anti-Age Chanvre & CBD, 45 ml, Gel de Bain et Douche réparateur au Chanvre & CBD, 250 ml, Crème corporelle énergisante au Chanvre & CBD, 150ml, Crème soulagement prolongé CBD, 30ml – Hemphilia, Sérum lift visage-yeux anti-âge au Chanvre et CBD, 20 ml, Baume à lèvres protecteur au chanvre, Gommage corporel à la noix de coco, 250 ml, Sérum visage et mains pour peaux extrêmement sèches, 50ml, Bougie au chanvre “Délice ardent”, 90 g – INDIA, Bougie anti-moustique au chanvre, 90 g – INDIA, Bougie au Chanvre Orange et Cannelle, 90 g, Hash Zen 14,7% CBN / 3,35% CBD, Bulldog – Hash 8% CBG / 4% CBD, CBD Actu numéro #5 – Version Digitale & Papier, CBD Actu numéro #4 – Version Digitale & Papier, CBD Actu numéro #3 – Version Digitale & Papier, CBD Actu numéro #2 – Version Digitale & Papier, CBD Actu numéro #1 – Version Digitale & Papier, Pack de Blisters GemmaCert (Lot de 100), Distillat de CBD – 80% à 85%, 1gr, Isolat de CBD – 99% – Format 1 et 2gr, Cartouche Grand Daddy Purple 50% CBD 6,5% CBN – 0,5ml, Shatter CBD – 80% , 1gr, Crumble CBD – 80% – Format 1gr & 2gr, Cartouche Lemon Haze 50% CBD 6,5% CBN – 0,5ml, Cartouche Sour Diesel 50% CBD 6,5% CBN – 0,5ml, Cartouche Girl Scoot Cookies 50% CBD 6,5% CBN – 0,5ml, Cartouche OG Kush 50% CBD 6,5% CBN – 0,5ml, Cartouche Gelato 50% CBD 6,5% CBN – 0,5ml, FIDÉLITÉ, PARRAINAGE, Protéine de Chanvre Bio en Poudre 500 g, Coffret de gâteaux au chanvre INDIA, 540 g, Tablette de chocolat noir au chanvre, 90 g, Tablette de chocolat au lait noisettes et chanvre, 90 g, Gaufrettes au chanvre et à l’ananas enrobées de chocolat, 100g, Boite de Cookies au chanvre, 150g, Boite de Biscuits au chanvre & cacao, 200 g, CBD: Le Conseil d’Etat met fin à l’interdiction de la vente de fleurs de cannabis CBD en France, Vous êtes influenceur ? Aidez nous a développer notre marque, Recette : Comment préparer une tisane de CBD, Les promotions du Black Friday 2022 sont arrivées !, Recette: Chocolat chaud au CBD pour un hiver réconfortant, Le cannabis médical bientôt légale en Bosnie-Herzégovine ?, Super Promo Halloween 2022, Qu’est-ce que le CannaBiDiol HydroxyQuinone (CBD-HQ), Qu’est-ce qu’un backcross (ou rétrocroisement) ?, Qu’est-ce que l’irradiation du cannabis ?, Du CBD de Qualité, Réception garantie, Paiement sécurisé, N’hésitez pas à nous contacter !, Siège social, 01 89 16 84 84, Showroom, 04 84 89 01 89, [email protected], 06 61 58 34 86",
L'interdiction du CBD en France jugée contraire au droit de l ...,"Le statut juridique duCBDenFrance. Le cannabidiol ouCBDest une molécule présente dans le cannabis, mais à la différence du tétrahydrocannabinol (THC), ...",https://www.pezet-avocats.fr/fr/actualites-juridiques/id-47-interdiction-cannabidiol-cbd-france-contraire-droit-union-europeenne-par-cjue,L’interdiction du CBD en France jugée contraire au droit de l’Union européenne par la CJUE,"Le statut juridique du CBD en France, L’atteinte à la libre circulation des marchandises, Précisions s’agissant du principe de précaution","Loi anti-squat, Les troubles du comportement considérés comme motif sérieux et légitime pour délivrer un congé, Nullité de la pose d’un dispositif de géolocalisation parking privé, Le comité du Vieux-Marseille adresse un recours contre le permis de réenfouissement, Le Cabinet Michel PEZET & Associés est intervenu devant le Tribunal Correctionnel de Marseille dans un dossier de bébé secoué, Assises d’Aix-en-Provence – Samy Iguetaï : autopsie d’une mort gratuite pour une place de parking, Espionnage des salariés par IKEA : les conséquences pour l’employeur, L’interdiction du CBD en France jugée contraire au droit de l’Union européenne par la CJUE, Marché aux puces de Marseille : le Cabinet a obtenu pour les commerçants la désignation d’un expert judiciaire sur l’état du Marché, Le transfert de la responsabilité pénale dans le cadre d’une opération de fusion absorption - Nouvelle Jurisprudence de la Cour de cassation, Loi anti-squat, Les troubles du comportement considérés comme motif sérieux et légitime pour délivrer un congé, Nullité de la pose d’un dispositif de géolocalisation parking privé, Le comité du Vieux-Marseille adresse un recours contre le permis de réenfouissement, Le Cabinet Michel PEZET & Associés est intervenu devant le Tribunal Correctionnel de Marseille dans un dossier de bébé secoué, Assises d’Aix-en-Provence – Samy Iguetaï : autopsie d’une mort gratuite pour une place de parking, L'inaptitude au travail, Dans la continuité du RGPD : vers une souveraineté numérique européenne, Espionnage des salariés par IKEA : les conséquences pour l’employeur, L’interdiction du CBD en France jugée contraire au droit de l’Union européenne par la CJUE",
